title,director
"我是路人甲","尔冬升"
"铁拳","安东尼·福奎阿"
"我们梦中见","布雷特·海利"
"少年透明人","加布里埃尔·萨瓦特瑞斯"
"撒迦利亚","克雷格·卓贝"
"非我","塔西姆·辛"
"唇上之歌","三木孝浩"
"如晴天，似雨天","弗兰克·威利"
"故事的故事","马提欧·加洛尼"
"奸臣","闵奎东"
"头脑特工队","彼特·道格特 "
"头脑特工队"," 罗纳尔多·德尔·卡门"
"小森林 冬春篇","森淳一"
"小男孩","阿加多·蒙特沃德"
"可爱的你","关信辉"
"花与爱丽丝杀人事件","岩井俊二"
"百元之恋","武正晴"
"少年班","肖洋"
"末日崩塌","布拉德·佩顿"
"深夜食堂 电影版","松冈锭司"
"冲出康普顿","F·加里·格雷"
"魔力麦克2","格里高利·雅各布"
"谜城","林岭东"
"模仿游戏","莫滕·泰杜姆"
"小羊肖恩","马克·伯顿 "
"小羊肖恩"," 理查德·斯塔扎克"
"进击的巨人真人版：前篇","樋口真嗣"
"女间谍","保罗·费格"
"爆裂鼓手","达米安·沙泽勒"
"杀破狼2","郑保瑞"
"道士下山","陈凯歌"
"我是谁：没有绝对安全的系统","Baran bo Odar"
"贝利叶一家","艾里克·拉缇戈"
"疯狂的麦克斯4：狂暴之路","乔治·米勒"
"时光尽头的恋人","李·杜兰·克里格"
"坏姐姐之拆婚联盟","金泰均"
"嘘！禁止想象！","卢镇秀"
"机械姬","亚历克斯·加兰"
"栀子花开","何炅"
"复仇者联盟2：奥创纪元","乔斯·韦登"
"工作女郎","郑凡植"
"少女哪吒","李霄峰"
"我的个神啊","拉吉库马尔·希拉尼"
"左耳","苏有朋"
"对风说爱你","王童"
"小时代4：灵魂尽头","郭敬明"
"消失的爱人","大卫·芬奇"
"暗黑之地","吉勒·巴盖特-布赫内"
"麦克法兰","妮琪·卡罗"
"风流艳妇","谢雷·福克森"
"念念","张艾嘉"
"速度与激情7","温子仁"
"王牌特工：特工学院","马修·沃恩"
"泰迪熊2","塞思·麦克法兰"
"远离尘嚣","托马斯·温特伯格"
"新步步惊心","宋迪"
"国际市场","尹齐均"
"重返20岁","陈正道"
"分歧者2：绝地反击","罗伯特·斯文克"
"最长的旅程","小乔治·提尔曼"
"阿罗哈","卡梅伦·克罗"
"暴疯语","李光耀"
"美国狙击手","克林特·伊斯特伍德"
"味园Universe","山下敦弘"
"寄生兽","山崎贵"
"中国之旅","Zoltán Mayer"
"疯狂外星人","蒂姆·约翰逊"
"控制游戏","Fouad Mikati"
"超能查派","尼尔·布洛姆坎普"
"所罗门的伪证前篇：事件","成岛出"
"星际穿越","克里斯托弗·诺兰"
"天将雄师","李仁港"
"冲锋车","刘浩良"
"霍比特人3：五军之战","彼得·杰克逊"
"金衣女人","西蒙·柯蒂斯"
"无人引航","威廉姆·H·梅西"
"侏罗纪世界","科林·特雷沃罗"
"帕丁顿熊","保罗·金"
"超能陆战队","唐·霍尔 "
"超能陆战队"," 克里斯·威廉姆斯"
"赤道","梁乐民 "
"赤道"," 陆剑青"
"有一个地方只有我们知道","徐静蕾"
"男人与鸡","安诺斯·托马斯·延森"
"博物馆奇妙夜3","肖恩·利维"
"44号孩子","丹尼尔·伊斯皮诺萨"
"万物生长","李玉"
"0.5毫米","安藤桃子"
"鸭王","区焯文"
"战狼","吴京"
"爱你，罗茜","克利斯汀·迪特"
"江南1970","庾河"
"第七子：降魔之战","谢尔盖·波德罗夫"
"军犬麦克斯","鲍兹·亚金"
"一步之遥","姜文"
"生活残骸","贾德·阿帕图"
"海月姬","川村泰祐"
"雏妓","邱礼涛"
"灰姑娘","肯尼思·布拉纳"
"横冲直撞好莱坞","蒂姆·肯德尔"
"涉足荒野","让-马克·瓦雷"
"所罗门的伪证后篇：审判","成岛出"
"命中注定","张皓"
"何以笙箫默","杨文军 "
"何以笙箫默"," 黄斌"
"许三观","河正宇"
"午夜邂逅","克里斯·埃文斯"
"贵族大盗","大卫·凯普"
"智取威虎山","徐克"
"木星上行","安迪·沃卓斯基 "
"木星上行"," 拉娜·沃卓斯基"
"我是女王","伊能静"
"爱的那点性事","约什·劳森"
"西部慢调","约翰·麦卡伦"
"暴走神探","罗卓瑶"
"客人","Kim Kwang-tae"
"完美音调2","伊丽莎白·班克斯"
"饥饿游戏3：嘲笑鸟(上)","弗朗西斯·劳伦斯"
"二十","李炳宪"
"失孤","彭三源"
"坚不可摧","安吉丽娜·朱莉"
"测试","亚历山大·科特"
"七日地狱","Jake Szymanski"
"明星伙伴","道格·艾林"
"钟馗伏魔：雪妖魔灵","鲍德熹 "
"钟馗伏魔：雪妖魔灵"," 赵天宇"
"太平轮(上)","吴宇森"
"少数意见","金成宰"
"爱情限时恋未尽","维克多·列文"
"十万个冷笑话","卢恒宇 "
"十万个冷笑话"," 李姝洁"
"海绵宝宝历险记：海绵出水","Paul Tibbitt"
"狂怒","大卫·阿耶"
"长寿商会","姜帝圭"
"飓风营救3","奥利维尔·米加顿"
"要听神明的话","三池崇史"
"缄默的迷宫","Giulio Ricciarelli"
"通灵之六世古宅","彭发"
"北京纽约","李晓雨"
"我们假期做了什么","安迪·汉密尔顿 "
"我们假期做了什么"," 盖·简金"
"伸冤人","安东尼·福奎阿"
"焦点","格伦·费卡拉 "
"焦点"," 约翰·里夸"
"新女友","弗朗索瓦·欧容"
"鬼牌游戏","入江悠"
"大眼睛","蒂姆·波顿"
"小混乱","艾伦·瑞克曼"
"麦兜我和我妈妈","谢立文 "
"麦兜我和我妈妈"," 李俊民"
"珍妮的婚礼","Mary Agnes Donoghue"
"咱们结婚吧","刘江"
"冲上云霄","叶伟信 "
"冲上云霄"," 邹凯光"
"匆匆那年","张一白"
"塞尔玛","艾娃·德约列"
"法老与众神","雷德利·斯科特"
"魔法黑森林","罗伯·马歇尔"
"1944","Elmo Nüganen"
"烈性摔跤","金豪俊"
"再见我们的十年","孙浩"
"法国战恋曲","索尔·迪勃"
"微爱之渐入佳境","顾长卫"
"真幌站前狂想曲","大森立嗣"
"青春之旅 真人版","三木孝浩"
"潜伏3","雷·沃纳尔"
"布拉芙夫人","任弼星"
"花宵道中","丰岛圭介"
"移动迷宫","韦斯·鲍尔"
"暗夜逐仇","佐米·希尔拉"
"生命之书","Jorge R. Gutierrez"
"近距离恋爱","熊泽尚人"
"真实故事","鲁伯特·古尔德"
"纸之月","吉田大八"
"性本恶","保罗·托马斯·安德森"
"有种你爱我","李欣蔓"
"浪客剑心：传说的完结篇","大友启史"
"玩命警车","乔恩·沃茨"
"丹尼·科林斯","丹·福格尔曼"
"涉外大饭店2","约翰·麦登"
"高手们","金洪宣"
"不死鸟","克利斯蒂安·佩措尔德"
"马达加斯加的企鹅","埃里克·达尼尔 "
"马达加斯加的企鹅"," 西蒙·J·史密斯"
"乐高DC超级英雄：正义联盟之末日军团的进攻","Rick Morales"
"鞋匠人生","托马斯·麦卡锡"
"人体蜈蚣3","汤姆·希克斯"
"朝我心脏开枪","文在容"
"12金鸭","邹凯光"
"哥本哈根","Mark Raso"
"年鉴计划","Dean Israelite"
"女孩闺房","乔恩·克劳兹 "
"女孩闺房"," Trevor Matthews"
"寄生兽：完结篇","山崎贵"
"撒娇女人最好命","彭浩翔"
"娚的一生","广木隆一"
"疾速追杀","大卫·里奇 "
"疾速追杀"," 查德·史塔赫斯基"
"阁楼","艾瑞克·范·洛依"
"正义联盟：神魔之战","Sam Liu"
"白幽灵传奇之绝命逃亡","尼克·鲍威尔"
"女狙击手","Sergeiy Mokritskiy"
"封门诡影","王孟圆"
"恋爱的味道","金亚伦"
"全力扣杀","郭子健 "
"全力扣杀"," 黄智亨"
"死亡录像4：启示录","豪梅·巴拿盖鲁"
"沼泽地","阿尔伯特·罗德里格斯"
"深夜前的五分钟","行定勋"
"极秘搜查","郭暻泽"
"隐秘的诱惑","尹宰久"
"魁拔Ⅲ战神崛起","王川 "
"魁拔Ⅲ战神崛起"," 张钢 "
"魁拔Ⅲ战神崛起"," 周洁"
"偷狗的完美方法","金成浩"
"别惹德州","安妮·弗莱彻"
"一万年以后","易立"
"一路惊喜","金依萌 "
"一路惊喜"," 潘安子 "
"一路惊喜"," 章家瑞 "
"一路惊喜"," 宋迪"
"我的早更女友","郭在容"
"露水红颜","高希希"
"京城学校：消失的少女们","李海暎"
"福福庄的阿福","藤田容介"
"年轻母亲3：我年纪如何","Kim Il-jong (김일종)"
"恋爱排班表","丁乃筝"
"定制伴郎","杰里米·加尔利"
"男人不可以穷","钟澍佳"
"熊出没之雪岭熊风","丁亮 "
"熊出没之雪岭熊风"," 刘富源"
"至暴之年","J·C·尚多尔"
"狱前教育","伊坦·柯亨"
"不能说的夏天","王维明"
"举报者","林顺礼"
"名侦探柯南：江户川柯南失踪事件～史上最惨的两天～","山本泰一郎"
"延坪海战","金焕松"
"骇客交锋","迈克尔·曼"
"去见瀑布","冲田修一"
"小野寺姐弟","西田征史"
"垃圾男孩","史蒂芬·戴德利"
"脑浆炸裂少女","アベユーイチ"
"一个人的武林","陈德森"
"黄飞鸿之英雄有梦","周显扬"
"单身男女2","杜琪峰"
"勃艮第公爵","彼得·斯崔克兰德"
"X射线营地","彼得·萨特勒"
"恶魔","Will Canon"
"奔跑者","奥斯汀·史塔克"
"安娜贝尔","约翰·R·莱昂耐迪"
"速度超越激情","贾森·弗莱德伯格 "
"速度超越激情"," 亚伦·赛尔策"
"机动战士高达 THE ORIGIN I 青瞳的卡斯巴尔","安彦良和 "
"机动战士高达 THE ORIGIN I 青瞳的卡斯巴尔"," 今西隆志"
"恶老板2","希恩·安德鲁斯"
"德古拉元年","盖瑞·肖"
"黎明的沙耶","深川栄洋"
"阿呆与阿瓜2","鲍比·法拉利 "
"阿呆与阿瓜2"," 彼得·法拉利"
"占水师","罗素·克劳"
"平行宇宙","Christopher Leone"
"罪恶的编年史","白云学"
"永远十六岁","琳·谢尔顿"
"青春誓约","James Kent"
"机器纪元","加贝·伊班内兹"
"第28年的甲子园","大森寿美男"
"赛琳娜","苏珊娜·比尔"
"不速之客","亚当·温加德"
"最好的我","迈克尔·霍夫曼"
"安妮：纽约奇缘","威尔·古勒"
"人艰不拆","瑞卡多·米拉尼"
"我的爱我的新娘","林赞相"
"我很好，谢谢，我爱你","梅兹·塔拉"
"大象之歌","Charles Binamé"
"痞子英雄2：黎明升起","蔡岳勋"
"小叮当：永无兽传奇","Steve Loter"
"10年计划","J.C. Calciano"
"鬼驱人","吉尔·克兰"
"无赖汉","吴胜旭"
"ST 红白的搜查档案","佐藤东弥"
"行过死荫之地","斯科特·弗兰克"
"灭绝：丧尸屠城","Miguel Ángel Vivas"
"仲夏夜魔法","嘉里·瑞德斯托姆"
"爸爸的假期","王岳伦"
"逆转胜","孔玟燕"
"今天的恋爱","朴珍杓"
"男人女人和孩子","贾森·雷特曼"
"丧家之女","亨利·霍伯森"
"触不可及","赵宝刚"
"丑女也有春天","Ari Sandel"
"鲁斯和亚历克斯","理查德·隆克瑞恩"
"摇滚英雄","谭华"
"尚衣院","李元硕"
"乐高DC超级英雄：正义联盟大战异魔联盟","Brandon Vietti"
"想爱就爱2.5","卡洛堤·奈金塔隆"
"四个月亮","Sergio Tovar Velarde"
"惊天绑架团","丹尼尔·阿尔弗雷森"
"石榴坡的复仇","若松节朗"
"如此美好","金炫锡"
"王牌","范建浍"
"僵尸来袭","Kiah Roache-Turner"
"喧嚣贵族","罗勒·莎菲"
"社交恐惧症","洪锡宰"
"神探驾到","黄百鸣 "
"神探驾到"," 邱礼涛"
"独自夜归的女孩","安娜·莉莉·阿米普尔"
"阴阳先生","张涛"
"小心许愿","伊丽莎白·艾伦"
"美丽谎言","菲利普·法拉特乌"
"致命弯道6：终极审判","Valeri Milev"
"温哥华的朝日","石井裕也"
"刺客学妹","凯尔·纽曼"
"纯真时代","安相勋"
"全能囧爸","董春泽"
"杀了我三次","科里夫·斯丹德斯"
"女生宿舍","梁婷"
"戴维克罗的恋爱和魔法","犬童一心"
"陌生之地","Kim Farrant"
"亚马逊萌猴奇遇记","蒂埃里·拉格贝尔"
"我们是兄弟","张镇"
"爱与慈悲","比尔·波拉德"
"东京婚约","Stefan Liberski"
"二龙湖浩哥之狂暴之路","张浩、王岩川"
"林荫大道","蒂托·蒙蒂尔"
"人狼游戏2：野兽阵营","熊坂出"
"蝙蝠侠无极限：怪兽来袭","Butch Lukic"
"后裔","肯尼·奥特加"
"柔浪","伊力·维伊德雷克"
"环城七十里","穆丹"
"无敌双环枪","Fabrice Du Welz"
"再见歌舞伎町","广木隆一"
"加班遇到鬼","Isara Nadee"
"法国缉毒风云","塞德里克·吉门内兹"
"真爱","西尔扎提·亚合甫 "
"真爱"," 张欣"
"成人初学者","罗斯·卡兹"
"包法利夫人","Sophie Barthes"
"新包法利夫人","安妮·芳婷"
"有我在这里","吴维峰"
"丧尸围城：瞭望塔","Zach Lipovsky"
"爱，藏起来","Mikel Rueda"
"危楼愚夫","尤里·贝科夫"
"活埋前女友","乔·丹特"
"晚安妈咪","Severin Fiala "
"晚安妈咪"," 维罗妮卡·弗兰茨"
"御宅大冒险","小林啓一"
"X加Y","Morgan Matthews"
"不凡之路","格伦·威尔斯"
"人质","阿托姆·伊戈扬"
"杀手女教师","Karen Leigh Hopkins"
"艺术大师","小林圣太郎"
"亲子饭","David Au"
"猫和老鼠：间谍使命","Spike Brandt "
"猫和老鼠：间谍使命"," Tony Cervone"
"善意杀戮","安德鲁·尼科尔"
"妈咪侠","高志森"
"理发师","Basel Owies"
"金箍棒传奇2：沙僧的逆袭","哈磊"
"美的统治","丹尼斯·阿康特"
"庄稼之岛","乔治·奥瓦什威利"
"神在巴厘岛","李闘士男"
"生命如此美好","马赛·皮耶普莱兹卡"
"情事","Kim Jeong-hwan"
"聋哑部落","米洛斯拉夫·史拉波斯维兹奇"
"重拾人生","杰姆·耶尔马兹"
"东京难民","佐佐部清"
"百货战警2","安迪·菲克曼"
"曼戈霍恩","大卫·戈登·格林"
"西游记之大圣归来","田晓鹏"
"日日摇滚","入江悠"
"花葬","林权泽"
"宝藏猎人久美子","大卫·泽尔纳"
"使命召唤","皮埃尔·莫瑞尔"
"灯光之外","吉娜·普林斯-拜斯伍德"
"危险的见面礼2","金镇英"
"小黄人大眼萌","凯尔·巴尔达 "
"小黄人大眼萌"," 皮艾尔·柯芬"
"我的男友和狗","陈慧翎"
"陡岸凶杀案","马特·沙克曼"
"中国城","Han Jun-hee"
"第二次爱你","爱迪生"
"你爱的某人","佩妮莱·费舍尔·克里斯藤森"
"枪长莫及","让-巴普蒂斯特·莱昂内蒂"
"希波克拉底","Thomas Lilti"
"地狱奶奶","申汉率"
"终结者：创世纪","阿兰·泰勒"
"年轻时候","诺亚·鲍姆巴赫"
"卡贾基","Paul Katis"
"把爸爸借给你","Kim Deok-Soo"
"蝙蝠侠无极限：动物本能","Butch Lukic"
"点对点","黄浩然"
"拼凑梦想","肖恩·麦克纳马拉"
"仅此一夜","金赵光寿 "
"仅此一夜"," 金泰勇"
"恋恋如歌","理查德·拉·格拉文斯"
"幸存者","詹姆斯·麦克特格"
"商务囧途","肯·斯科特"
"远离人迹","大卫·奥霍芬"
"起死回生","大卫·贾柏"
"编剧情缘","马克·劳伦斯"
"野狗们","Ha Won-joon"
"杀人依赖","孙勇浩"
"欢迎来到我的世界","Shira Piven"
"旧情","平川雄一朗"
"只想和你在一起","瑞纳·考夫曼"
"蜩之记","小泉尧史"
"不是冤家不聚头","大卫·韦恩"
"宝贝","尼拉基·潘迪"
"我的神烦腐妈","Salomé Breziner"
"朝鲜名侦探：奴隶的女儿","金锡允"
"阿斯特里克斯历险记：诸神之宫殿","亚历山德拉·阿斯提耶尔"
"在我走之前","柯特妮·考克斯"
"真实","昆汀·杜飞"
"诉讼","罗内特·艾尔卡贝兹 "
"诉讼"," 施洛米·艾尔卡贝兹"
"暧昧不明关系研究学会","麦曦茵"
"世纪审判","保罗·安德鲁·威廉姆斯"
"幸运情人草","古澤健"
"白色上帝","凯内尔·穆德卢佐"
"人皮交易","Ekachai Uekrongtham"
"立体声","Maximilian Erlenwein"
"爱情碎片","Justin Reardon"
"温暖渐冻心","乔治·乌尔夫"
"感受大海的时刻","安藤寻"
"想飞","李岗 "
"想飞"," 萧力修"
"天师斗僵尸","陈翊恒"
"不可思议的海岸物语","成島出"
"心脏移植医师","Lukasz Palkowski"
"伪造者","菲利普·马丁"
"失魂记忆","Adam Robitel"
"侠僧探案传奇之将军府","海涛"
"侠僧探案传奇之催命符","海涛"
"侠僧探案传奇之开封府","海涛"
"苹果恋爱多","Monika Mitchell"
"葡萄的眼泪","三岛有纪子"
"公平竞赛","Andrea Sedlácková"
"侠僧探案传奇之醉玲珑","海涛"
"侠僧探案传奇之洛阳花会","海涛"
"解除好友","列万·加布里亚德兹"
"爱在初春惊变时","贾斯汀·本森 "
"爱在初春惊变时"," 艾伦·穆尔黑德"
"真英雄","武正晴"
"廷巴克图","阿伯德拉马纳·希萨柯"
"临时保姆","Philippe Lachaux "
"临时保姆"," Nicolas Benamou"
"德水里五兄弟","全炯俊"
"侠僧探案传奇之大兴赌坊","海涛"
"严惩","瑞恩·菲利普"
"男孩遇见女孩","Eric Schaeffer"
"回光奏鸣曲","钱翔"
"甜蜜地狱之家","安东尼·伯恩斯"
"海军陆战队员4","威廉·考夫曼"
"侠僧探案传奇之白马镖局","海涛"
"业内前五","克里斯·洛克"
"最后的骑士","纪里谷和明"
"迷河","瑞恩·高斯林"
"侠僧探案传奇之王陵之谜","海涛"
"太阳坐落之处","矢崎仁司"
"少年轻狂","KIM Jinmoo "
"少年轻狂"," PARK Gahee "
"少年轻狂"," JU Seongsu "
"少年轻狂"," JUNG Wonsik"
"侠僧探案传奇之大夜叉","海涛"
"寒枝雀静","罗伊·安德森"
"它在身后","大卫·罗伯特·米切尔"
"荒野","Adam MacDonald"
"爱情攻略","黄柏基"
"被舍弃的人们","榊英雄"
"时光穿梭","Bradley King"
"风暴之土","Ádám Császi"
"致命追踪","Daniel Benmayor"
"赌棍","鲁伯特·瓦耶特"
"上帝难为","阿列克谢·日尔曼"
"阿提克斯研究所","克里斯·斯帕林"
"野鸡杀手","Mikkel Nørgaard"
"追债大乱斗","乔·卡纳汉"
"遭难者们","卢营奭"
"吉米的舞厅","肯·洛奇"
"美好世界终结时","松居大悟"
"浴血华沙","扬·科马萨"
"惊情谍变","Siddharth Anand"
"河畔的朔子","深田晃司"
"失踪顺序","汉斯·皮特·莫郎"
"诺曼人：维京传奇","Claudio Fäh"
"海洋之歌","汤姆·摩尔"
"赤足","Andrew Fleming"
"黑手党只在夏天杀人","Pif"
"黑海夺金","凯文·麦克唐纳"
"生活伴侣","Susanna Fogel"
"行动代号：孙中山","易智言"
"大喜临门","黄朝亮"
"食女","三池崇史"
"伊朗式分手","戴思睿·阿卡万"
"克莉丝堤：杀人网站","Oliver Blackburn"
"迷失课后","天野千寻 "
"迷失课后"," 名倉愛 "
"迷失课后"," 大九明子"
"自由之丘","洪尚秀"
"骡子","Tony Mahony "
"骡子"," 安格斯·桑普森"
"低入尘埃","巴瑞·莱文森"
"艾尔莎与弗雷德","派翠西亚·里根"
"思春期游戏","倉本雷大"
"小森林 夏秋篇","森淳一"
"生活艰难也许快乐","堤幸彦 "
"生活艰难也许快乐"," 木村ひさし"
"基隆","乔梁"
"我的男人","熊切和嘉"
"老木逢春","戴维·黑尔"
"蜜月重温","罗杰·米歇尔"
"寻找幸福的赫克托","彼德·切尔瑟姆"
"大人不及格","饭塚健"
"热血男人帮","查慕春"
"荒蛮故事","达米安·斯兹弗隆"
"奇怪的猫咪","Ramon Zürcher"
"可爱老女人","伊斯雷尔·霍洛维茨"
"圣餐","缇·威斯特"
"热血之路","三木孝浩"
"鳄鱼的黄眼睛","Cécile Telerman"
"鲁邦三世","北村龙平"
"玫瑰香水","乔恩·斯图尔特"
"早熟","Dan Beers"
"海豚的故事2","查尔斯·马丁·史密斯"
"蛋糕","丹尼尔·巴尔兹"
"新年行动","法拉·可汗"
"隔壁的男孩","罗伯·科恩"
"迷失1971","扬·德芒热"
"澳门风云2","王晶 "
"澳门风云2"," 张敏"
"血色孤语","玛嘉·莎塔琵"
"我的独裁者","李海准"
"侠僧探案传奇之聚义钱庄","海涛"
"顶级较量","崔豪"
"恶梦小姐 梦影版","佐久間紀佳"
"狼图腾","让-雅克·阿诺"
"东京暴族","园子温"
"怒火保镖","西蒙·韦斯特"
"扑通扑通我的人生","李在容"
"单身派对","约翰·巴特勒"
"太平洋幽灵","Brian Falk"
"一曲倾情","凯特·巴克佛洛兰"
"共犯","张荣吉"
"杀死信使","迈克尔·科斯塔"
"背负春天","木村大作"
"卒迹","鲁坚"
"呼吸","梅拉尼·罗兰"
"杀回归家路","Emilis Velyvis"
"女儿国的杰基","Riad Sattouf"
"扑克之夜","Greg Francis"
"亚历山大和他最糟糕的一天","米盖尔·阿尔特塔"
"米斯特和皮特必败","小乔治·提尔曼"
"幕末高校生","李斗士男"
"在我消失前","肖恩·克里斯汀森"
"鸟瞰人生","帕斯卡尔·费兰"
"冰毒","赵德胤"
"利维坦","安德烈·萨金塞夫"
"游客","鲁本·奥斯特伦德"
"中间人2","Damon Beesley "
"中间人2"," Iain Morris"
"锡尔斯玛利亚","奥利维耶·阿萨亚斯"
"危险的传言","金光植"
"正义联盟：亚特兰蒂斯的宝座","伊桑·斯波尔丁"
"奇迹","爱丽丝·洛尔瓦彻"
"小乌龟是如何长大的","Dearbhla Walsh"
"金橘","萨萨·乌鲁沙泽"
"漫步夏威夷","前田弘二"
"万能鉴定士Q：蒙娜丽莎之瞳","佐藤信介"
"第二扇窗","河濑直美"
"被告护士","保·范·德·奥斯特"
"爱很怪","艾拉·萨克斯"
"足不出户","Gerard Johnstone"
"危险行为","萨姆·米勒"
"狙击精英：战纪","唐·迈克尔·保罗"
"近距离击杀","孙铁"
"冷库","迈克尔·塞洛蒙"
"女子战队","福田雄一"
"狐狸猎手","贝尼特·米勒"
"意大利之旅","迈克尔·温特伯顿"
"枪之子","朱利叶斯·艾弗里"
"杀妻同盟军","斯考特·佛雷"
"他和她的孤独情事","内德·本森"
"一千次晚安","埃里克·普派"
"骄傲","马修·沃楚斯"
"危险藏匿","迈克·诺斯卡"
"透纳先生","迈克·李"
"晴天霹雳","剧团一人"
"长牙","凯文·史密斯"
"吸血鬼生活","杰梅奈·克莱门特 "
"吸血鬼生活"," 泰卡·怀蒂蒂"
"幽暗山谷","Andreas Prochaska"
"边境","Michael Berry"
"圣人文森特","特奥多尔·梅尔菲"
"爱要来了","Naphat Chaithiangthum"
"再见语言","让-吕克·戈达尔"
"魂断布宜诺斯艾利斯","Natalia Meta"
"寻找隐世快乐","Alessandro Rak"
"罪恶赎金","亨里克·鲁本·甘茨"
"慢放镜头","金英卓"
"猫和老鼠：迷失之龙","Spike Brandt"
"哆啦A梦：伴我同行","八木龙一 "
"哆啦A梦：伴我同行"," 山崎贵"
"女子学校拷问部","吉田浩太"
"依然爱丽丝","理查德·格雷泽 "
"依然爱丽丝"," 沃什·韦斯特摩兰"
"夜间飞行","李宋喜一"
"I型起源","迈克·卡希尔"
"冬眠","努里·比格·锡兰"
"鸣梁海战","金韩民"
"大峰祖师","张蠡"
"美满姻缘","Peter Askin"
"决胜巅峰","托马斯·卡特"
"超高速！ 参勤交代","本木克英"
"泳队惊魂","Sopon Sukdapisit"
"致命录像带3：病毒","那奇欧·维加隆多 "
"致命录像带3：病毒"," Gregg Bishop "
"致命录像带3：病毒"," 马希尔·萨门多 "
"致命录像带3：病毒"," 贾斯汀·本森 "
"致命录像带3：病毒"," 艾伦·穆尔黑德"
"嫉妒","菲利普·加瑞尔"
"只要你说你爱我","日向朝子"
"弹窗惊魂","那奇欧·维加隆多"
"救世","克里斯蒂安·莱沃"
"我们的家族","石井裕也"
"肖申克的救赎","弗兰克·德拉邦特"
"盗梦空间","克里斯托弗·诺兰"
"这个杀手不太冷","吕克·贝松"
"阿甘正传","罗伯特·泽米吉斯"
"霸王别姬","陈凯歌"
"三傻大闹宝莱坞","拉吉库马尔·希拉尼"
"千与千寻","宫崎骏"
"美丽人生","罗伯托·贝尼尼"
"泰坦尼克号","詹姆斯·卡梅隆"
"海上钢琴师","朱塞佩·托纳多雷"
"机器人总动员","安德鲁·斯坦顿"
"少年派的奇幻漂流","李安"
"忠犬八公的故事","莱塞·霍尔斯道姆"
"辛德勒的名单","史蒂文·斯皮尔伯格"
"大话西游之大圣娶亲","刘镇伟"
"放牛班的春天","克里斯托夫·巴拉蒂"
"触不可及","奥利维·那卡什 "
"触不可及"," 艾力克·托兰达"
"怦然心动","罗伯·莱纳"
"当幸福来敲门","加布里尔·穆奇诺"
"龙猫","宫崎骏"
"楚门的世界","彼得·威尔"
"搏击俱乐部","大卫·芬奇"
"教父","弗朗西斯·福特·科波拉"
"V字仇杀队","詹姆斯·麦克特格"
"大话西游之月光宝盒","刘镇伟"
"飞屋环游记","彼特·道格特"
"疯狂原始人","柯克·德·米科 "
"疯狂原始人"," 克里斯·桑德斯"
"让子弹飞","姜文"
"无间道","刘伟强 "
"无间道"," 麦兆辉"
"天堂电影院","朱塞佩·托纳多雷"
"蝙蝠侠：黑暗骑士","克里斯托弗·诺兰"
"指环王3：王者无敌","彼得·杰克逊"
"天空之城","宫崎骏"
"罗马假日","威廉·惠勒"
"十二怒汉","西德尼·吕美特"
"两杆大烟枪","盖·里奇"
"鬼子来了","姜文"
"天使爱美丽","让-皮埃尔·热内"
"窃听风暴","弗洛里安·亨克尔·冯·多纳斯马"
"七宗罪","大卫·芬奇"
"乱世佳人","维克多·弗莱明 "
"乱世佳人"," 乔治·库克 "
"乱世佳人"," 山姆·伍德"
"美丽心灵","朗·霍华德"
"致命魔术","克里斯托弗·诺兰"
"剪刀手爱德华","蒂姆·波顿"
"飞越疯人院","米洛斯·福尔曼"
"被嫌弃的松子的一生","中岛哲也"
"闻香识女人","马丁·布莱斯"
"指环王1：魔戒再现","彼得·杰克逊"
"活着","张艺谋"
"指环王2：双塔奇兵","彼得·杰克逊"
"阿凡达","詹姆斯·卡梅隆"
"本杰明·巴顿奇事","大卫·芬奇"
"神偷奶爸","皮艾尔·柯芬 "
"神偷奶爸"," 克里斯·雷纳德"
"哈尔的移动城堡","宫崎骏"
"阳光姐妹淘","姜炯哲"
"蝴蝶效应","埃里克·布雷斯 "
"蝴蝶效应"," J.麦基·格鲁伯"
"情书","岩井俊二"
"死亡诗社","彼得·威尔"
"禁闭岛","马丁·斯科塞斯"
"西西里的美丽传说","朱塞佩·托纳多雷"
"低俗小说","昆汀·塔伦蒂诺"
"恐怖直播","金秉祐"
"钢琴家","罗曼·波兰斯基"
"沉默的羔羊","乔纳森·戴米"
"驯龙高手","迪恩·德布洛斯 "
"驯龙高手"," 克里斯·桑德斯"
"狩猎","托马斯·温特伯格"
"黑客帝国","安迪·沃卓斯基 "
"黑客帝国"," 拉娜·沃卓斯基"
"教父2","弗朗西斯·福特·科波拉"
"致命ID","詹姆斯·曼高德"
"饮食男女","李安"
"狮子王","罗杰·阿勒斯 "
"狮子王"," 罗伯·明可夫"
"美国往事","赛尔乔·莱翁内"
"时空恋旅人","理查德·柯蒂斯"
"告白","中岛哲也"
"黑天鹅","达伦·阿伦诺夫斯基"
"射雕英雄传之东成西就","刘镇伟"
"入殓师","泷田洋二郎"
"勇敢的心","梅尔·吉布森"
"心灵捕手","格斯·范·桑特"
"加勒比海盗","戈尔·维宾斯基"
"杀人回忆","奉俊昊"
"重庆森林","王家卫"
"断背山","李安"
"玛丽和马克思","亚当·艾略特"
"拯救大兵瑞恩","史蒂文·斯皮尔伯格"
"7号房的礼物","李焕庆"
"第六感","M·奈特·沙马兰"
"再次出发之纽约遇见你","约翰·卡尼"
"阳光灿烂的日子","姜文"
"岁月神偷","罗启锐"
"贫民窟的百万富翁","丹尼·博伊尔 "
"贫民窟的百万富翁"," 洛芙琳·坦丹"
"大鱼","蒂姆·波顿"
"哈利·波特与死亡圣器(下)","大卫·叶茨"
"源代码","邓肯·琼斯"
"超脱","托尼·凯耶"
"爱在黎明破晓前","理查德·林克莱特"
"记忆碎片","克里斯托弗·诺兰"
"蝙蝠侠：黑暗骑士崛起","克里斯托弗·诺兰"
"达拉斯买家俱乐部","让-马克·瓦雷"
"初恋这件小事","普特鹏·普罗萨卡·那·萨克那卡林 "
"初恋这件小事"," 华森·波克彭"
"那些年，我们一起追的女孩","九把刀"
"音乐之声","罗伯特·怀斯"
"猫鼠游戏","史蒂文·斯皮尔伯格"
"幽灵公主","宫崎骏"
"甜蜜蜜","陈可辛"
"春光乍泄","王家卫"
"恐怖游轮","克里斯托弗·史密斯"
"小鞋子","马基德·马基迪"
"怪兽电力公司","彼特·道格特 "
"怪兽电力公司"," 大卫·斯沃曼 "
"怪兽电力公司"," 李·昂克里奇"
"爱在日落黄昏时","理查德·林克莱特"
"借东西的小人阿莉埃蒂","米林宏昌"
"恋恋笔记本","尼克·卡索维茨"
"无敌破坏王","瑞奇·摩尔"
"哈利·波特与魔法石","克里斯·哥伦布"
"上帝之城","卡迪亚·兰德 "
"上帝之城"," 费尔南多·梅里尔斯"
"唐伯虎点秋香","李力持"
"倩女幽魂","程小东"
"秒速5厘米","新海诚"
"被解救的姜戈","昆汀·塔伦蒂诺"
"穿条纹睡衣的男孩","马克·赫尔曼"
"萤火之森","大森贵弘"
"真爱至上","理查德·柯蒂斯"
"国王的演讲","汤姆·霍珀"
"控方证人","比利·怀德"
"喜剧之王","周星驰 "
"喜剧之王"," 李力持"
"大闹天宫","万籁鸣 "
"大闹天宫"," 唐澄"
"雨人","巴瑞·莱文森"
"香水","汤姆·提克威"
"菊次郎的夏天","北野武"
"一一","杨德昌"
"萤火虫之墓","高畑勋"
"傲慢与偏见","乔·赖特"
"东邪西毒","王家卫"
"摩登时代","查理·卓别林"
"风之谷","宫崎骏"
"幸福终点站","史蒂文·斯皮尔伯格"
"爱在午夜降临前","理查德·林克莱特"
"玩具总动员3","李·昂克里奇"
"碟中谍4","布拉德·伯德"
"速度与激情5","林诣彬"
"冰川时代","卡洛斯·沙尔丹哈 "
"冰川时代"," 克里斯·韦奇"
"侧耳倾听","近藤喜文"
"悲惨世界","汤姆·霍珀"
"谍影重重3","保罗·格林格拉斯"
"末代皇帝","贝纳尔多·贝托鲁奇"
"疯狂的石头","宁浩"
"终结者2","詹姆斯·卡梅隆"
"红辣椒","今敏"
"穿越时空的少女","细田守"
"穆赫兰道","大卫·林奇"
"猜火车","丹尼·博伊尔"
"这个男人来自地球","理查德·沙因克曼"
"朗读者","史蒂芬·戴德利"
"浪潮","丹尼斯·甘塞尔"
"追随","克里斯托弗·诺兰"
"你看起来好像很好吃","藤森雅也"
"花样年华","王家卫"
"神偷奶爸2","皮艾尔·柯芬 "
"神偷奶爸2"," 克里斯·雷纳德"
"人工智能","史蒂文·斯皮尔伯格"
"青蛇","徐克"
"英雄本色","吴宇森"
"卢旺达饭店","特瑞·乔治"
"教父3","弗朗西斯·福特·科波拉"
"燃情岁月","爱德华·兹威克"
"喜宴","李安"
"谍影重重","道格·里曼"
"完美的世界","克林特·伊斯特伍德"
"纵横四海","吴宇森"
"未麻的部屋","今敏"
"一次别离","阿斯哈·法哈蒂"
"七武士","黑泽明"
"两小无猜","杨·塞谬尔"
"复仇者联盟","乔斯·韦登"
"罗生门","黑泽明"
"撞车","保罗·哈吉斯"
"无耻混蛋","昆汀·塔伦蒂诺"
"我是山姆","杰茜·尼尔森"
"大卫·戈尔的一生","艾伦·帕克"
"阿飞正传","王家卫"
"变脸","吴宇森"
"月球","邓肯·琼斯"
"谍影重重2","保罗·格林格拉斯"
"虎口脱险","杰拉尔·乌里"
"战争之王","安德鲁·尼科尔"
"新龙门客栈","李惠民"
"海盗电台","理查德·柯蒂斯"
"假如爱有天意","郭在容"
"魔女宅急便","宫崎骏"
"曾经","约翰·卡尼"
"霍比特人1：意外之旅","彼得·杰克逊"
"黑客帝国3：矩阵革命","安迪·沃卓斯基 "
"黑客帝国3：矩阵革命"," 拉娜·沃卓斯基"
"美国丽人","萨姆·门德斯"
"梦之安魂曲","达伦·阿伦诺夫斯基"
"云图","汤姆·提克威 "
"云图"," 拉娜·沃卓斯基 "
"云图"," 安迪·沃卓斯基"
"发条橙","斯坦利·库布里克"
"E.T. 外星人","史蒂文·斯皮尔伯格"
"蓝色大门","易智言"
"千钧一发","安德鲁·尼科尔"
"英国病人","安东尼·明格拉"
"东京物语","小津安二郎"
"荒野生存","西恩·潘"
"和莎莫的500天","马克·韦布"
"志明与春娇","彭浩翔"
"魂断蓝桥","茂文·勒鲁瓦"
"忠犬八公物语","神山征二郎"
"非常嫌疑犯","布莱恩·辛格"
"可可西里","陆川"
"怪兽大学","丹·斯坎伦"
"逃离德黑兰","本·阿弗莱克"
"爱在暹罗","楚克‧萨克瑞科"
"赛德克·巴莱","魏德圣"
"勇士","加文·欧康诺"
"我的野蛮女友","郭在容"
"里约大冒险","卡洛斯·沙尔丹哈"
"开心家族","金英卓"
"社交网络","大卫·芬奇"
"遗愿清单","罗伯·莱纳"
"刺猬的优雅","莫娜·阿查切"
"偷拐抢骗","盖·里奇"
"地球上的星星","阿米尔·汗 "
"地球上的星星"," 阿莫尔·古普特"
"荒岛余生","罗伯特·泽米吉斯"
"勇闯夺命岛","迈克尔·贝"
"叫我第一名","彼得·沃纳"
"夜访吸血鬼","尼尔·乔丹"
"血钻","爱德华·兹威克"
"中国合伙人","陈可辛"
"金陵十三钗","张艺谋"
"惊魂记","阿尔弗雷德·希区柯克"
"桃姐","许鞍华"
"地心引力","阿方索·卡隆"
"听说","郑芬芬"
"雨中曲","斯坦利·多南 "
"雨中曲"," 吉恩·凯利"
"阿黛尔的生活","阿布戴·柯西胥"
"无间道2","刘伟强 "
"无间道2"," 麦兆辉"
"穿普拉达的女王","大卫·弗兰科尔"
"末路狂花","雷德利·斯科特"
"功夫熊猫2","余仁英"
"X战警：第一战","马修·沃恩"
"绿里奇迹","弗兰克·德拉邦特"
"登堂入室","弗朗索瓦·欧容"
"金福南杀人事件始末","张哲洙"
"东邪西毒：终极版","王家卫"
"上帝也疯狂","加美·尤伊斯"
"卡萨布兰卡","迈克尔·柯蒂斯"
"碧海蓝天","吕克·贝松"
"暖暖内含光","米歇尔·冈瑞"
"枪火","杜琪峰"
"孤儿","佐米·希尔拉"
"2001太空漫游","斯坦利·库布里克"
"第九区","尼尔·布洛姆坎普"
"风声","陈国富 "
"风声"," 高群书"
"牯岭街少年杀人事件","杨德昌"
"钢的琴","张猛"
"人再囧途之泰囧","徐峥"
"麦兜故事","袁建滔"
"黄金三镖客","赛尔乔·莱翁内"
"城市之光","查理·卓别林"
"色，戒","李安"
"飓风营救","皮埃尔·莫瑞尔"
"我爱你","秋昌民"
"黑客帝国2：重装上阵","安迪·沃卓斯基 "
"黑客帝国2：重装上阵"," 拉娜·沃卓斯基"
"不一样的天空","莱塞·霍尔斯道姆"
"廊桥遗梦","克林特·伊斯特伍德"
"一天","罗勒·莎菲"
"老男孩","朴赞郁"
"了不起的盖茨比","巴兹·鲁赫曼"
"九品芝麻官","王晶"
"变形金刚","迈克尔·贝"
"一代宗师","王家卫"
"导盲犬小Q","崔洋一"
"巴黎淘气帮","劳伦·泰拉德"
"龙纹身的女孩","大卫·芬奇"
"僵尸新娘","蒂姆·波顿 "
"僵尸新娘"," Mike Johnson"
"杀死比尔","昆汀·塔伦蒂诺"
"坠入","塔西姆·辛"
"蝴蝶","费利普·弥勒"
"猩球崛起","鲁伯特·瓦耶特"
"哪吒闹海","严定宪 "
"哪吒闹海"," 王树忱 "
"哪吒闹海"," 徐景达"
"神探","杜琪峰 "
"神探"," 韦家辉"
"横道世之介","冲田修一"
"伴我同行","罗伯·莱纳"
"我在伊朗长大","文森特·帕兰德 "
"我在伊朗长大"," 玛嘉·莎塔琵"
"百万美元宝贝","克林特·伊斯特伍德"
"追击者","罗宏镇"
"千年女优","今敏"
"燕尾蝶","岩井俊二"
"黑鹰坠落","雷德利·斯科特"
"铁甲钢拳","肖恩·利维"
"午夜巴黎","伍迪·艾伦"
"海底总动员","安德鲁·斯坦顿 "
"海底总动员"," 李·昂克里奇"
"嫌疑人X的献身","西谷弘"
"盗钥匙的方法","内田贤治"
"阳光小美女","乔纳森·戴顿 "
"阳光小美女"," 维莱莉·法瑞斯"
"北京遇上西雅图","薛晓路"
"他其实没那么喜欢你","肯·卡皮斯"
"万箭穿心","王竞"
"悲情城市","侯孝贤"
"加勒比海盗2：聚魂棺","戈尔·维宾斯基"
"碟中谍","布莱恩·德·帕尔玛"
"环太平洋","吉尔莫·德尔·托罗"
"黑暗面","安德雷斯·拜兹"
"了不起的狐狸爸爸","韦斯·安德森"
"角斗士","雷德利·斯科特"
"洛城机密","柯蒂斯·汉森"
"狗镇","拉斯·冯·提尔"
"爱·回家","李廷香"
"蝙蝠侠：侠影之谜","克里斯托弗·诺兰"
"八月迷情","科斯汀·谢里丹"
"中央车站","沃尔特·塞勒斯"
"悬崖上的金鱼姬","宫崎骏"
"国产凌凌漆","李力持 "
"国产凌凌漆"," 周星驰"
"灿烂人生","马可·图利欧·吉欧达纳"
"哈利·波特与密室","克里斯·哥伦布"
"惊天魔盗团","路易斯·莱特里尔"
"黄海","罗宏镇"
"赛德克·巴莱(上)：太阳旗","魏德圣"
"功夫熊猫","马克·奥斯本 "
"功夫熊猫"," 约翰·斯蒂文森"
"新世界","朴勋政"
"大独裁者","查理·卓别林"
"一级恐惧","格里高利·霍布里特"
"最佳出价","朱塞佩·托纳多雷"
"星际迷航：暗黑无界","J·J·艾布拉姆斯"
"盲井","李杨"
"罗拉快跑","汤姆·提克威"
"跳出我天地","史蒂芬·戴德利"
"后天","罗兰·艾默里奇"
"弱点","约翰·李·汉考克"
"2012","罗兰·艾默里奇"
"出租车司机","马丁·斯科塞斯"
"成为简·奥斯汀","朱里安·杰拉德"
"壁花少年","斯蒂芬·切波斯基"
"暗战","杜琪峰"
"美食总动员","布拉德·伯德 "
"美食总动员"," 简·皮克瓦"
"雏菊","刘伟强"
"功夫","周星驰"
"无姓之人","雅克·范·多梅尔"
"步履不停","是枝裕和"
"万能钥匙","伊恩·索夫特雷"
"东京教父","今敏"
"终结者","詹姆斯·卡梅隆"
"小鬼当家","克里斯·哥伦布"
"失恋33天","滕华涛"
"马达加斯加3","康拉德·弗农 "
"马达加斯加3"," 埃里克·达尼尔 "
"马达加斯加3"," 汤姆·麦格拉思"
"钢铁侠","乔恩·费儒"
"心慌方","文森佐·纳塔利"
"换子疑云","克林特·伊斯特伍德"
"甲方乙方","冯小刚"
"蒂凡尼的早餐","布莱克·爱德华兹"
"时时刻刻","史蒂芬·戴德利"
"落水狗","昆汀·塔伦蒂诺"
"攻壳机动队","押井守"
"狼的孩子雨和雪","细田守"
"胭脂扣","关锦鹏"
"生活多美好","弗兰克·卡普拉"
"冰川时代4","麦克·特米尔 "
"冰川时代4"," 史蒂夫·马蒂诺"
"小岛惊魂","亚历杭德罗·阿梅纳瓦尔"
"花与爱丽丝","岩井俊二"
"十二猴子","特瑞·吉列姆"
"逆光飞翔","张荣吉"
"土拨鼠之日","哈罗德·雷米斯"
"我是传奇","弗朗西斯·劳伦斯"
"恋恋风尘","侯孝贤"
"战马","史蒂文·斯皮尔伯格"
"诺丁山","罗杰·米歇尔"
"疯狂约会美丽都","西维亚·乔迈"
"K星异客","Iain Softley"
"赛德克·巴莱(下)：彩虹桥","魏德圣"
"哈利·波特与阿兹卡班的囚徒","阿方索·卡隆"
"玩具总动员","约翰·拉塞特"
"春夏秋冬又一春","金基德"
"查理和巧克力工厂","蒂姆·波顿"
"侏罗纪公园","史蒂文·斯皮尔伯格"
"莫扎特传","米洛斯·福尔曼"
"魔发奇缘","内森·格雷诺 "
"魔发奇缘"," 拜伦·霍华德"
"那山那人那狗","霍建起"
"为奴十二载","史蒂夫·麦奎因"
"加勒比海盗3：世界的尽头","戈尔·维宾斯基"
"兵临城下","让-雅克·阿诺"
"相助","泰特·泰勒"
"黑衣人","巴里·索南菲尔德"
"朱诺","贾森·雷特曼"
"西雅图未眠夜","诺拉·艾芙隆"
"初恋50次","彼得·西格尔"
"我们俩","马俪文"
"人鬼情未了","杰瑞·扎克"
"童年往事","侯孝贤"
"编舟记","石井裕也"
"迷雾","弗兰克·德拉邦特"
"沉静如海","皮埃尔·布特龙"
"速度与激情6","林诣彬"
"起风了","宫崎骏"
"再见列宁","沃尔夫冈·贝克"
"隐秘而伟大","张哲洙"
"与狼共舞","凯文·科斯特纳"
"乌云背后的幸福线","大卫·O·拉塞尔"
"孤胆特工","李桢凡"
"精英部队2：大敌当前","若泽·帕迪里亚"
"红猪","宫崎骏"
"天书奇谭","王树忱 "
"天书奇谭"," 钱运达"
"笑傲江湖2：东方不败","程小东"
"红高粱","张艺谋"
"冰川时代3","卡洛斯·沙尔丹哈 "
"冰川时代3"," 麦克·特米尔"
"激战","林超贤"
"热血警探","埃德加·赖特"
"闪灵","斯坦利·库布里克"
"独自等待","伍仕贤"
"爱","迈克尔·哈内克"
"钢铁侠3","沙恩·布莱克"
"李米的猜想","曹保平"
"回到未来","罗伯特·泽米吉斯"
"推手","李安"
"卧虎藏龙","李安"
"月升王国","韦斯·安德森"
"费城故事","乔纳森·戴米"
"哈利·波特与火焰杯","迈克·内威尔"
"内布拉斯加","亚历山大·佩恩"
"麦兜当当伴我心","谢立文"
"食神","李力持 "
"食神"," 周星驰"
"你丫闭嘴！","法兰西斯·威柏"
"狙击电话亭","乔·舒马赫"
"赎罪","乔·赖特"
"单身男子","汤姆·福特"
"大红灯笼高高挂","张艺谋"
"超时空接触","罗伯特·泽米吉斯"
"和声","康大奎"
"空中监狱","西蒙·韦斯特"
"人在囧途","叶伟民"
"蓝色茉莉","伍迪·艾伦"
"冰川时代2：融冰之灾","卡洛斯·沙尔丹哈"
"史密斯夫妇","道格·里曼"
"王牌对王牌","F·加里·格雷"
"追风筝的人","马克·福斯特"
"西游降魔篇","周星驰 "
"西游降魔篇"," 郭子健"
"后窗","阿尔弗雷德·希区柯克"
"南极料理人","冲田修一"
"非常主播","姜炯哲"
"美国X档案","托尼·凯耶"
"老无所依","伊桑·科恩 "
"老无所依"," 乔尔·科恩"
"四百击","弗朗索瓦·特吕弗"
"魔术师","西维亚·乔迈"
"我脑中的橡皮擦","李宰汉"
"岁月的童话","高畑勋"
"无人知晓","是枝裕和"
"当哈利遇到莎莉","罗伯·莱纳"
"天生一对","南希·迈耶斯"
"洞","雅克·贝克"
"艺术家","迈克尔·哈扎纳维希乌斯"
"买凶拍人","彭浩翔"
"盲山","李杨"
"凯尔经的秘密","汤姆·摩尔 "
"凯尔经的秘密"," Nora Twomey"
"宿醉","托德·菲利普斯"
"蓝白红三部曲之红","克日什托夫·基耶斯洛夫斯基"
"布达佩斯之恋","诺夫·舒贝尔"
"不能说的秘密","周杰伦"
"风雨哈佛路","Peter Levin"
"独立日","罗兰·艾默里奇"
"哈利·波特与死亡圣器(上)","大卫·叶茨"
"无间道3：终极无间","刘伟强 "
"无间道3：终极无间"," 麦兆辉"
"时间旅行者的妻子","罗伯特·斯文克"
"我，机器人","亚历克斯·普罗亚斯"
"共同警备区","朴赞郁"
"芙蓉镇","谢晋"
"杀手没有假期","马丁·麦克唐纳"
"春娇与志明","彭浩翔"
"阿郎的故事","杜琪峰"
"结婚礼服","权炯辰"
"汉尼拔","雷德利·斯科特"
"天才瑞普利","安东尼·明格拉"
"金色梦乡","中村义洋"
"黑洞频率","格里高利·霍布里特"
"火柴人","雷德利·斯科特"
"机器管家","克里斯·哥伦布"
"雪国列车","奉俊昊"
"127小时","丹尼·博伊尔"
"面纱","约翰·卡兰"
"鹿鼎记","王晶"
"沙漠之花","Sherry Horman"
"天伦之旅","柯克·琼斯"
"蓝白红三部曲之蓝","克日什托夫·基耶斯洛夫斯基"
"公民凯恩","奥逊·威尔斯"
"银河系漫游指南","加斯·詹宁斯"
"变形金刚2","迈克尔·贝"
"杀死比尔2","昆汀·塔伦蒂诺"
"空房间","金基德"
"疯狂的赛车","宁浩"
"最好的时光","侯孝贤"
"精灵旅社","格恩迪·塔塔科夫斯基"
"大内密探零零发","谷德昭 "
"大内密探零零发"," 周星驰"
"偷自行车的人","维托里奥·德·西卡"
"午夜巴塞罗那","伍迪·艾伦"
"异次元骇客","约瑟夫·鲁斯纳克"
"她比烟花寂寞","安南德·图克尔"
"艋舺","钮承泽"
"星球大战","乔治·卢卡斯"
"寒战","梁乐民 "
"寒战"," 陆剑青"
"河童之夏","原惠一"
"偶滴神啊","Umesh Shukla"
"奇爱博士","斯坦利·库布里克"
"好家伙","马丁·斯科塞斯"
"情人","让-雅克·阿诺"
"布达佩斯大饭店","韦斯·安德森"
"亲爱的","陈可辛"
"冰雪奇缘","克里斯·巴克 "
"冰雪奇缘"," 珍妮弗·李"
"明日边缘","道格·里曼"
"彗星来的那一夜","詹姆斯·沃德·布柯特"
"无人区","宁浩"
"她","斯派克·琼斯"
"X战警：逆转未来","布莱恩·辛格"
"辩护人","杨宇硕"
"少年时代","理查德·林克莱特"
"素媛","李濬益"
"夜行者","丹·吉尔罗伊"
"霍比特人2：史矛革之战","彼得·杰克逊"
"白日梦想家","本·斯蒂勒"
"奇怪的她","黄东赫"
"哪啊哪啊神去村","矢口史靖"
"少年斯派维的奇异旅行","让-皮埃尔·热内"
"菲利普船长","保罗·格林格拉斯"
"极速风流","朗·霍华德"
"如父如子","是枝裕和"
"真实的谎言","詹姆斯·卡梅隆"
"暴力街区","皮埃尔·莫瑞尔"
"赛末点","伍迪·艾伦"
"四月物语","岩井俊二"
"平常的心","瑞恩·墨菲"
"附注：我爱你","理查德·拉·格拉文斯"
"妈咪","泽维尔·多兰"
"银翼杀手","雷德利·斯科特"
"普罗旺斯的夏天","罗丝·博斯"
"天生杀人狂","奥利佛·斯通"
"转山","杜家毅"
"七磅","加布里尔·穆奇诺"
"点球成金","贝尼特·米勒"
"星球大战前传1：幽灵的威胁","乔治·卢卡斯"
"谜一样的双眼","胡安·何塞·坎帕内利亚"
"海鸥食堂","荻上直子"
"回家的路","方银振"
"美女与野兽","加里·特洛斯达勒 "
"美女与野兽"," 柯克·维斯"
"未知死亡","A.R. Murugadoss"
"盗火线","迈克尔·曼"
"星球大战前传3：西斯的复仇","乔治·卢卡斯"
"全金属外壳","斯坦利·库布里克"
"背靠背，脸对脸","黄建新 "
"背靠背，脸对脸"," 杨亚洲"
"星球大战2：帝国反击战","厄文·克什纳"
"大地惊雷","乔尔·科恩 "
"大地惊雷"," 伊桑·科恩"
"母亲","奉俊昊"
"芝加哥","罗伯·马歇尔"
"给桃子的信","冲浦启之"
"心动","张艾嘉"
"现代启示录","弗朗西斯·福特·科波拉"
"天水围的日与夜","许鞍华"
"花魁","蜷川实花"
"我杀了我妈妈","泽维尔·多兰"
"茜茜公主","恩斯特·马利斯卡"
"英雄本色2","吴宇森"
"魔鬼代言人","泰勒·海克福德"
"启示","梅尔·吉布森"
"太极旗飘扬","姜帝圭"
"穿裘皮的维纳斯","罗曼·波兰斯基"
"安妮·霍尔","伍迪·艾伦"
"理智与情感","李安"
"杀戮","罗曼·波兰斯基"
"钢琴课","简·坎皮恩"
"初吻","克劳德·比诺多"
"天国王朝","雷德利·斯科特"
"金氏漂流记","李海准"
"精武英雄","陈嘉上"
"如月疑云","佐藤祐市"
"人生","泰德·戴米"
"童年过后一百天","谢尔盖·索洛维约夫"
"有梦就去闯","Brad Isaacs"
"和谐课程","埃米尔·拜加津"
"天堂的孩子","马塞尔·卡尔内"
"大地之歌","萨蒂亚吉特·雷伊"
"野花","F.A.布拉贝克"
"无言的山丘","王童"
"何时是读书天","绪方明"
"安全至下","Fred C. Newmeyer "
"安全至下"," 山姆·泰勒"
"迎春阁之风波","胡金铨"
"一诺千金","让-皮埃尔·达内 "
"一诺千金"," 吕克·达内"
"东京暮色","小津安二郎"
"七次机会","巴斯特·基顿"
"停靠","Darragh Byrne"
"海的沉默","让-皮埃尔·梅尔维尔"
"阿曼尼亚：欢迎来到德国","Yasemin Samdereli"
"儿子","山田洋次"
"爱丽丝城市漫游记","维姆·文德斯 Wim Wenders"
"似水流年","严浩"
"我是古巴","米哈依尔·卡拉托佐夫"
"五岁时，我杀了我自己","Jean-Claude Sussfeld"
"秘密与谎言","迈克·李"
"五月碧云天","努里·比格·锡兰"
"同流者","贝纳尔多·贝托鲁奇"
"爵士春秋","鲍勃·福斯"
"死亡的游戏","John Little"
"死亡之夜","Alberto Cavalcanti "
"死亡之夜"," 巴兹尔·迪尔登 "
"死亡之夜"," 查尔斯·克瑞奇顿 "
"死亡之夜"," 罗伯特·哈默"
"公路之王","维姆·文德斯"
"最后一场电影","彼得·博格丹诺维奇"
"他人之子","让-皮埃尔·达内 "
"他人之子"," 吕克·达内"
"变种外星人","比尔·普莱姆顿"
"兰闺惊变","罗伯特·奥尔德里奇"
"亚特兰大号","让·维果"
"孟菲斯美女号","迈克尔·卡顿-琼斯"
"饭","成濑巳喜男"
"乱云","成濑巳喜男"
"割草叔叔","约翰·杜根"
"董夫人","唐书璇"
"稻草人","王童"
"现实之舞","亚历桑德罗·佐杜洛夫斯基"
"战地军魂","比利·怀德"
"12个温柔的日本人","中原俊"
"大人别出声","彼得·博格丹诺维奇"
"世界旦夕之间","赖纳·维尔纳·法斯宾德"
"男人的争斗","朱尔斯·达辛"
"推销员之死","沃尔克·施隆多夫"
"火柴厂女工","阿基·考里斯马基"
"通往自由的通道","罗兰·苏素·里希特"
"巴黎圣母院","Gilles Maheu"
"快乐的结局","奥德里奇·利普斯基"
"二维世界","Ladd Ehlinger Jr."
"里斯本的故事","维姆·文德斯"
"假如我是真的","王童"
"生生长流","阿巴斯·基亚罗斯塔米"
"冷酷祭典","克劳德·夏布洛尔"
"甜蜜的永远","扬·霍布雷克"
"浮士德","F·W·茂瑙"
"静谧的生活","苏赫拉布·沙希德·萨利斯"
"德尔苏·乌扎拉","黑泽明"
"罪与错","伍迪·艾伦"
"不可思议的收缩人","杰克·阿诺德"
"舞台春秋","查理·卓别林"
"第七大陆","迈克尔·哈内克"
"周末","让-吕克·戈达尔"
"死期将至","多罗塔·肯杰尔扎沃斯卡"
"阳光情人","伊斯特凡·萨博"
"叛国作家","Radha Bharadwaj"
"风的第一声呼吸","弗兰科·皮亚维奥利"
"血染雪山堡","布莱恩·G·赫顿"
"伸张正义","诺曼·杰威森"
"黑神驹","卡罗尔·巴拉德"
"野火","市川昆"
"战争子午线","冯小宁"
"阿尔卡特兹的养鸟人","约翰·弗兰克海默"
"自己去看","依莱姆·克里莫夫"
"特写","阿巴斯·基亚罗斯塔米"
"男性，女性","让-吕克·戈达尔"
"福禄双霸天","约翰·兰迪斯"
"圣·拉尔夫","Michael McGowan"
"人间的条件（第一、二部）","小林正树"
"黑潮","斯派克·李"
"血色清晨","李少红"
"其后","森田芳光"
"梦魇疯人院","杨·史云梅耶"
"叛逆边缘","约翰·卡尼"
"香蕉天堂","王童"
"亚当的苹果","安诺斯·托马斯·延森"
"焦点新闻","科斯塔-加夫拉斯"
"古宅迷踪","汤姆·沃恩"
"山丘之王","史蒂文·索德伯格"
"浮生狂想曲","维特·荷默"
"枪声俱乐部","Steven Silver"
"将爱放逐","安德烈·萨金塞夫"
"红柿子","王童"
"骗子","费德里科·费里尼"
"女人韵事","克劳德·夏布洛尔"
"冰海沉船","罗伊·沃德·贝克"
"亲情无价","卡尔·弗兰克林"
"纸月亮","彼得·博格丹诺维奇"
"过客","米开朗基罗·安东尼奥尼"
"那天妈妈来看我","郭春晖"
"泥之河","小栗康平"
"再见箱舟","寺山修司"
"山樱","筱原哲雄"
"抛掉书本上街去","寺山修司"
"黑骏马","卡罗琳 汤普森 (Caroline Thompson (I))"
"赤胆屠龙","霍华德·霍克斯"
"候鸟","多罗塔·肯杰尔扎沃斯卡"
"审判","奥逊·威尔斯"
"卡米诺","哈维尔·费舍尔"
"烟","王颖 "
"烟"," 保罗·奥斯特"
"皮娜·鲍什：穆勒咖啡馆","皮娜·鲍什"
"双姝奇缘","埃里克·侯麦"
"人生","吴天明"
"倾国倾城","李翰祥"
"桥","Bernhard Wicki"
"找乐","宁瀛"
"纳什维尔","罗伯特·奥特曼"
"当风吹起的时候","吉米·村上"
"布拉格狂想曲","托马斯·沃瑞"
"极度狂热","David Evans"
"特殊的友情","让·德拉努瓦"
"马太福音","皮埃尔·保罗·帕索里尼"
"让娜·迪尔曼","香特尔·阿克曼"
"爱德华·蒙克","彼得·沃特金"
"春风不化雨","罗纳德·尼姆"
"满城风雨","比利·怀德"
"潘多拉的魔盒","乔治·威廉·巴布斯特"
"天使的孩子","艾伦·帕克"
"父亲在世时","小津安二郎"
"与春同行","小林政广"
"弦动我心","韦斯·克雷文"
"大河之歌","萨蒂亚吉特·雷伊"
"春天情书","森田芳光"
"人·鬼·情","黄蜀芹"
"丑八怪","罗兰·贝科夫"
"疤面人","霍华德·霍克斯 "
"疤面人"," 理查德·罗森"
"天堂里的烦恼","恩斯特·刘别谦"
"柏林谍影","马丁·里特"
"首演之夜","约翰·卡索维茨"
"炼狱","亚历山大·涅夫佐罗夫"
"无法避免的战争","Prakash Jha "
"无法避免的战争"," 帕卡沙·加"
"洛可兄弟","卢奇诺·维斯康蒂"
"春天的杜鹃","亚历山大·罗戈日金"
"大树之歌","萨蒂亚吉特·雷伊"
"猎艳狂魔","罗伯托·贝尼尼"
"罗马风情画","费德里科·费里尼"
"谁来为我摘月亮","巴克迪亚·库唐纳扎洛夫"
"芳心他属","普皮·阿瓦蒂"
"浮云世事","阿基·考里斯马基"
"让风带着我起飞","Mohammad-Ali Talebi"
"灵犬莱西","弗雷德·威尔科克斯"
"蒲田进行曲","深作欣二"
"早春","小津安二郎"
"山椒大夫","沟口健二"
"猫和老鼠：魔法戒指","James T. Walker"
"一路上有你","马克·斯蒂文·约翰逊"
"雾都孤儿","卡罗尔·里德"
"合约谋杀案","欧文·勒纳"
"演员工作室：柯林·菲尔斯","Jeff Wurtz"
"我是大卫","保罗·费格"
"哀乐中年","桑弧"
"心荡神驰","托尼·比尔"
"人鱼童话","西蒙·温瑟"
"待客之道","John G. Blystone "
"待客之道"," 巴斯特·基顿"
"编织的女孩","克洛德·果雷塔"
"危机最前线","科斯塔-加夫拉斯"
"完美对垒","朴熙坤"
"情书","Dan Curtis (I)"
"审问","赖斯扎德·布加斯基"
"飞狗巴迪","查尔斯·马丁·史密斯"
"四海本色","朱尔斯·达辛"
"黑帮大佬和平梦","Rajkumar Hirani"
"近松物语","沟口健二"
"关于伊丽","阿斯哈·法哈蒂"
"漩涡之外","雅克·特纳"
"三个臭皮匠","James Frawley"
"航向热带岛屿的冰山","达格·卡利"
"史楚锡流浪记","沃纳·赫尔佐格"
"受影响的女人","约翰·卡索维茨"
"砂制时镜下的疗养院","沃伊齐希·哈斯"
"跨跃彩虹","安振宇"
"笔中情","颜碧丽"
"小街","杨延晋"
"河狸白毛历险记","菲利普·考尔德隆"
"小小的叛国者","Lynn Roth"
"女友的男友","埃里克·侯麦"
"伯爵夫人的耳环","马克斯·奥菲尔斯"
"欧洲特快车","拉斯·冯·提尔"
"寻爱之旅","戴米恩·奥唐纳"
"词语","卡尔·西奥多·德莱叶"
"巧舌如父","让-克里斯托夫·罗歇"
"四季商人","赖纳·维尔纳·法斯宾德"
"忠烈图","胡金铨"
"莉","Ivan Fíla"
"幸存的生命（理论与实践）","杨·史云梅耶"
"都市情缘","刘镇伟 (Jeffrey Lau)"
"温柔的怜悯","布鲁斯·贝尔斯福德"
"汉密尔顿夫人","亚历山大·柯达"
"诸神的欲望","今村昌平"
"万家灯火","沈浮"
"双虎屠龙","约翰·福特"
"信徒","Henry Bean"
"天堂可以等待","恩斯特·刘别谦"
"浮士德","杨·史云梅耶"
"博学无术","Vahe Gabuchian"
"萌之朱雀","河濑直美"
"雪地黄金犬","兰德尔·克莱泽"
"杀戮禁区","迈克尔·卡顿-琼斯"
"银河铁道999","林太郎"
"流浪艺人","西奥·安哲罗普洛斯"
"勿忘我","长崎俊一"
"地中海","加布里埃尔·萨瓦特瑞斯"
"时光之尘","西奥·安哲罗普洛斯"
"失控的校园","Ilmar Raag"
"孤苦盲女阿玲","篠田正浩"
"阿赫迈德王子历险记","洛特·雷妮格"
"萨拉戈萨手稿","沃伊齐希·哈斯"
"罗马11时","朱塞佩·德·桑蒂斯"
"逃离索比堡","杰克·高德"
"本能反应","乔·德特杜巴"
"人斩","五社英雄"
"十字街头","沃尔特·希尔"
"机遇编年史的71块碎片","迈克尔·哈内克"
"其实在天堂","凯·波拉克"
"仆人","约瑟夫·罗西"
"与安德烈晚餐","路易·马勒"
"葬礼之后","Maurice Phillips"
"人间的条件（第五、六部）","小林正树"
"众神与野兽","比尔·康顿"
"焚尸人","乔拉·赫兹"
"最狂野的梦想：征服珠峰","Anthony Geffen"
"德意志零年","罗伯托·罗西里尼"
"激情年代","尼古拉斯·希特纳"
"南方","维克多·艾里斯"
"血腥星期天","保罗·格林格拉斯"
"鸟，孤儿和愚人","朱拉·亚库比斯克"
"警察与小偷","马里奥·莫尼切利 "
"警察与小偷"," 斯坦诺"
"邦邦停不了","Anna van der Heide"
"火之战","让-雅克·阿诺"
"幽灵马车","维克多·斯约斯特洛姆"
"伊豆舞女","西河克己"
"飞行员的妻子","埃里克·侯麦"
"祗园歌女","沟口健二"
"一样的月光","Patricia Riggen"
"大街上的商店","杨·卡达尔 "
"大街上的商店"," 艾尔玛·克洛斯"
"心灵的冒险","约翰·霍克"
"花落莺啼春","塞基·鲍格农"
"恶汉甜梦","黑泽明"
"裸岛","新藤兼人"
"安东尼娅家族","玛琳·格里斯"
"沃特希普高地","马丁·罗森"
"人性","米歇尔·冈瑞"
"大智若愚","罗伯特·本顿"
"悬崖山庄奇案","Renny Rye"
"日本昆虫记","今村昌平"
"8UPPERS FEATURE MUSIC FILM","中村哲平"
"狐狸与猎狗","Art Stevens "
"狐狸与猎狗"," Richard Rich "
"狐狸与猎狗"," Ted Berman"
"熊猫的故事","岛村达雄"
"灰烬与钻石","安杰依·瓦伊达"
"直到世界尽头","维姆·文德斯"
"呐喊","米开朗基罗·安东尼奥尼"
"秋天","Özcan Alper"
"真爱永存","Aditya Chopra"
"沙甸鱼杀人事件","赵崇基 (Sung Kee Chiu)"
"贪婪","埃里克·冯·施特罗海姆"
"里欧洛","让-克洛德·洛宗"
"尼伯龙根：西格弗里德之死","弗里茨·朗"
"无休无止","克日什托夫·基耶斯洛夫斯基"
"海阔天空","理查德·唐纳"
"马达加斯加的企鹅：僵尸企鹅就是我","Bret Haaland"
"电车狂","黑泽明"
"一九五一年的欧洲","罗伯托·罗西里尼"
"午后的遗言","新藤兼人"
"意大利式离婚","皮亚托·杰米"
"女巫","本杰明·克里斯滕森"
"意大利式结婚","维托里奥·德·西卡"
"加州梦","克里斯蒂安·内梅斯古"
"西班牙城堡","Isabelle Doval"
"消防员舞会","米洛斯·福尔曼"
"爱无国界","Yash Chopra"
"疯狂翘课之七日大作战","菅原比吕志"
"拉孔布·吕西安","路易·马勒"
"情场世界波","艾特·迪·彭吉云"
"力争上游","詹姆斯·布里奇斯"
"一碗阳春面","西河克己"
"好奇心","路易·马勒"
"蛇","亨利·维尼尔"
"我的朋友叫哈维","亨利·科斯特"
"母与子","亚历山大·索科洛夫"
"命运的捉弄","埃利达尔·梁赞诺夫"
"葛底斯堡","罗纳德·F·麦克斯维尔"
"夏洛的网","Charles A. Nichols "
"夏洛的网"," Iwao Takamoto"
"红河","霍华德·霍克斯 "
"红河"," 阿瑟·罗森"
"谜之音","Vincent Morisset"
"寅次郎的故事1","山田洋次"
"浮草物语","小津安二郎"
"卖花女","安东尼·阿斯奎斯 "
"卖花女"," 莱斯利·霍华德"
"被遗忘的祖先的阴影","谢尔盖·帕拉杰诺夫"
"日本最长的一天","冈本喜八"
"仙人掌花","吉尼·萨克斯"
"女权天使","Katja von Garnier"
"伊凡雷帝","谢尔盖·爱森斯坦"
"荒野有情天","彼特·克林逊 Peter Collinson"
"独生子","小津安二郎"
"滑铁卢战役","谢尔盖·邦达尔丘克"
"第二口气","让-皮埃尔·梅尔维尔"
"豺狼的日子","弗雷德·金尼曼"
"跟我走一回","刘国昌"
"蝴蝶梦","Jim O'Brien"
"夜叉","降旗康男"
"三国志：英雄的黎明","勝間田具治"
"怪医黑杰克","出崎統"
"无法松的一生","稻垣浩"
"善意的谎言","彼德·卡索维茨"
"我爱你","李仁港"
"我和托马斯","Simon Shore"
"醉马时刻","巴赫曼·戈巴迪"
"等待戈多","Michael Lindsay-Hogg"
"没有无关的旁观者","罗杰·萨金特"
"苍穹的法芙娜：逝者的权利","羽原信义"
"冒烟","Tommy Chong "
"冒烟"," Lou Adler"
"凡尔赛宫：国王的梦想","Thierry Binisti"
"葬礼","伊丹十三"
"旧罪的阴影","约翰·史翠兰"
"翠堤春晓","朱利恩·杜维威尔 "
"翠堤春晓"," 约瑟夫·冯·斯登堡 "
"翠堤春晓"," 维克多·弗莱明"
"伊斯坦布尔的幸福","Abdullah Oguz"
"维拉·德雷克","迈克·李"
"吻","Lance Daly"
"战火","罗伯托·罗西里尼"
"飞出个未来大电影4：绿色狂想","Peter Avanzino"
"葛楚","卡尔·西奥多·德莱叶"
"稻草人","杰瑞·沙茨伯格"
"猫儿历险记","沃夫冈·雷瑟曼"
"星际5555：异星梦系统秘传","竹之内和久 "
"星际5555：异星梦系统秘传"," 西尾大介"
"木屐树","埃曼诺·奥尔米"
"鲜花","西尔扎提·亚合甫"
"失翼灵雀","伊利·曼佐"
"诅咒","贝拉·塔尔"
"布加勒斯特东12点8分","柯内流·波蓝波宇"
"工作","埃曼诺·奥尔米"
"战略大作战","布莱恩·G·赫顿"
"远山","胡杰"
"德黑兰43年","Aleksandr Alov "
"德黑兰43年"," Vladimir Naumov"
"W的悲剧","泽井信一郎 (Shinichirô Sawai)"
"雌雄莫辨","布莱克·爱德华兹"
"两周","Steve Stockman"
"开麦拉狂想曲","汤姆·迪西罗"
"影子大地","理查德·阿滕伯勒"
"新女性","蔡楚生"
"劳拉的星星","Piet De Rycker "
"劳拉的星星"," Thilo Rothkirch"
"米娜的故事","Martine Dugowson"
"小丑之夜","英格玛·伯格曼"
"美妙共振","Lisa Barros D'Sa "
"美妙共振"," Glenn Leyburn"
"骑车人之死","巴尔登·胡安·安东尼奥"
"饥饿海峡","内田吐梦"
"小岛","约翰·亚历山大"
"十月","Grigori Aleksandrov "
"十月"," 谢尔盖·爱森斯坦"
"战火遗孤","Yurek Bogayevicz"
"麻辣女孩","Steve Loter"
"复仇之日","卡尔·西奥多·德莱叶"
"乱世英豪","法兰提塞·维拉席"
"凡高的生与死","保罗·考克斯"
"小巨人","阿瑟·佩恩"
"问题少年","梅迪·夏夫"
"南特的雅克德米","阿涅斯·瓦尔达"
"古巴万岁","Juan Carlos Cremata Malberti "
"古巴万岁"," Iraida Malberti Cabrera"
"小逃亡者","莫里斯·恩格尔 "
"小逃亡者"," 雷·阿什利 "
"小逃亡者"," 鲁思·奥金"
"未了阴阳情","安东尼·明格拉"
"新天堂星探","朱塞佩·托纳多雷"
"逍遥法外","巴德·伯蒂彻"
"火与剑","泽西 霍夫曼 (Jerzy Hoffman)"
"子猫物语","畑正宪"
"自然之子","Friðrik Þór Friðriksson"
"德蕾莎修女","Fabrizio Costa"
"圣母街上的大人物","马里奥·莫尼切利"
"不设限通缉","西德尼·吕美特"
"典当商","西德尼·吕美特"
"一曲相思情未了","斯蒂芬·科洛弗"
"香巴拉信使","俞钟"
"不夜城","朱尔斯·达辛"
"毫无线索","Thom Eberhardt"
"亚伯拉罕先生","François Dupeyron"
"云","费尔南多·索拉纳斯"
"九香","孙沙"
"寄生虫","皮埃尔·保罗·帕索里尼"
"化身博士","鲁本·马莫利安"
"人间有情","高志森"
"弗兰西斯","Graeme Clifford"
"天线","Esteban Sapir"
"靡菲斯特","伊斯特凡·萨博"
"爱的挽歌","让-吕克·戈达尔"
"佛在耻辱中倒塌","汉娜·玛克玛尔巴夫"
"粉身碎骨","Richard C. Sarafian"
"巴斯克维尔的猎犬","Brian Mills"
"飞出个未来大电影2：万背之兽","Peter Avanzino"
"人间的条件（第三、四部）","小林正树"
"侍","冈本喜八"
"地铁","安东尼·阿斯奎斯"
"小玩意","孙瑜"
"我的妹妹小桃子","四分一节子 Setsuko Shibuichi"
"袅袅夕阳情","黑泽明"
"太阳最寒冷的地方","Bogdan Dumitrescu"
"青青校树","扬·斯维拉克"
"蓬车队","文森特·明奈利"
"大地","西德尼·富兰克林"
"雪花莲节","伊利·曼佐"
"味浓情更浓","Xaver Schwarzenberger"
"我的家人和其他动物","谢雷·福克森"
"看狗在说话","Duwayne Dunham"
"音乐室","萨蒂亚吉特·雷伊"
"雷恩的女儿","大卫·里恩"
"升空号","阿基·考里斯马基"
"童年记趣","布雷梯斯拉夫·波杰"
"无线电时代","伍迪·艾伦"
"玩家马布斯博士","弗里茨·朗"
"街区男孩","约翰·辛格顿"
"哑证人","Edward Bennett"
"白朗宁版本","安东尼·阿斯奎斯"
"仲夏之恋","皮尔斯·哈格德"
"冬狮","Anthony Harvey"
"心中天网岛","筱田正浩"
"萨拉邦德","英格玛·伯格曼"
"永远活下去","古斯塔沃·罗恩"
"走出寂静","卡洛琳·林克"
"生命的重托","Giacomo Battiato"
"静静的顿河","谢尔盖·格拉西莫夫"
"清水湾的孩子","Jean Becker"
"吝啬鬼","路易·德·菲耐斯 "
"吝啬鬼"," Jean Girault"
"关于浪漫时代的一个漫长婚约","Mark Rance"
"千面佳人","阿瑟·希勒"
"心香","孙周"
"牙医谋杀案","罗斯·大卫尼斯"
"安娜的情欲","英格玛·伯格曼"
"第四十一","格利高利·丘赫莱依"
"真情电波","迈克尔·托林"
"绿行星","Coline Serreau"
"艺妓院的凉子","深作欣二"
"飞越苏联","泰勒·海克福德"
"三国志：长江的燃烧","胜间田具治 "
"三国志：长江的燃烧"," 冈田裕介"
"给斯大林的礼物","Rustem Abdrashitov"
"人性记录","Brian Farnham"
"春色一箩筐","南茜·萨沃卡"
"绞死刑","大岛渚"
"血洗鳄鱼仇","Rakesh Roshan"
"我的美国舅舅","阿伦·雷乃"
"抓壮丁","陈戈 "
"抓壮丁"," 沈剡"
"在天堂遇见的五个人","Lloyd Kramer"
"摇滚乐的历史第一集","Andrew Solt"
"米兰心事","埃曼诺·奥尔米"
"巴伦","Majid Majidi"
"草迷宫","寺山修司"
"仪式","大岛渚"
"波洛圣诞探案记","爱德华·本内特"
"吟游诗人","谢尔盖·帕拉杰诺夫 "
"吟游诗人"," 多多·阿巴希泽"
"与我的园丁对话","Jean Becker"
"在瑞士的日子","西蒙·柯蒂斯"
"尼伯龙根2：克里姆希尔德的复仇","弗里茨·朗"
"Near Equal 森山大道","藤井謙二郎"
"蝉时雨","黑土三男"
"达摩为何东渡？","裵鏞均"
"扎布里斯基角","米开朗基罗·安东尼奥尼"
"海蒂","迈克尔·雷·罗德斯"
"高尔夫球场的疑云","安德鲁·格里弗"
"情如物证","乔瑟琳·穆尔豪斯"
"天涯何处觅知音","伊利亚·卡赞"
"三天兩夜","長谷川康夫（Yasuo Hasegawa）"
"放浪记","成濑巳喜男 (Mikio Naruse)"
"西便制","林权泽"
"一级谋杀","Jeff Woolnough"
"稻妻","成濑巳喜男"
"彼岸","白兴武"
"冰上轻驰","乔·德特杜巴"
"弗罗斯河上的磨房","Graham Theakston"
"藏书室女尸之谜","安迪·威尔逊"
"梦幻银河","Sogo Ishii"
"我爱红娘","吉恩 凯利 (Gene Kelly)"
"擦鞋童","维托里奥·德·西卡"
"最后决战","吕克·贝松"
"欢愉","马克斯·奥菲尔斯"
"海伦凯勒","阿瑟·佩恩"
"鬼畜","野村芳太郎"
"心花路放","宁浩"
"后会无期","韩寒"
"绣春刀","路阳"
"白日焰火","刁亦男"
"催眠大师","陈正道"
"致我们终将逝去的青春","赵薇"
"分手大师","俞白眉 "
"分手大师"," 邓超"
"归来","张艺谋"
"同桌的妳","郭帆"
"推拿","娄烨"
"私人订制","冯小刚"
"全民目击","非行"
"黄金时代","许鞍华"
"小时代","郭敬明"
"厨子戏子痞子","管虎"
"小时代3：刺金时代","郭敬明"
"搜索","陈凯歌"
"十二生肖","成龙"
"被偷走的那五年","黄真真"
"窃听风云3","麦兆辉 "
"窃听风云3"," 庄文强"
"北京爱情故事","陈思诚"
"军中乐园","钮承泽"
"前任攻略","田羽生"
"扫毒","陈木胜"
"唐山大地震","冯小刚"
"狄仁杰之神都龙王","徐克"
"天下无贼","冯小刚"
"毒战","杜琪峰"
"盲探","杜琪峰"
"小时代2：青木时代","郭敬明"
"宝贝计划","陈木胜"
"爱","钮承泽"
"单身男女","杜琪峰"
"老男孩猛龙过江","肖央"
"窃听风云2","麦兆辉 "
"窃听风云2"," 庄文强"
"少林足球","周星驰"
"非诚勿扰","冯小刚"
"澳门风云","王晶 "
"澳门风云"," 钟少雄"
"长江七号","周星驰"
"一生一世","邹佡"
"武状元苏乞儿","陈嘉上"
"分手合约","吴基焕"
"画皮","陈嘉上 "
"画皮"," 钱永强"
"窃听风云","麦兆辉 "
"窃听风云"," 庄文强"
"等风来","滕华涛"
"一九四二","冯小刚"
"非诚勿扰2","冯小刚"
"女朋友○男朋友","杨雅喆"
"逃学威龙","陈嘉上"
"听风者","麦兆辉 "
"听风者"," 庄文强"
"叶问","叶伟信"
"山楂树之恋","张艺谋"
"十月围城","陈德森"
"龙门飞甲","徐克"
"101次求婚","陈正道"
"画皮2","乌尔善"
"2046","王家卫"
"海角七号","魏德圣"
"新警察故事","陈木胜"
"西游记之大闹天宫","郑保瑞"
"杀生","管虎"
"闺蜜","黄真真"
"古惑仔之人在江湖","刘伟强"
"黄金大劫案","宁浩"
"整容日记","林爱华"
"警察故事2013","丁晟"
"僵尸","麦浚龙"
"前度","麦曦茵"
"如果·爱","陈可辛 "
"如果·爱"," 赵良骏"
"百变星君","叶伟民"
"观音山","李玉"
"英雄","张艺谋"
"天台爱情","周杰伦"
"头文字D","刘伟强 "
"头文字D"," 麦兆辉"
"杀破狼","叶伟信"
"门徒","尔冬升"
"黑社会","杜琪峰"
"全城热恋","夏永康 "
"全城热恋"," 陈国辉"
"狄仁杰之通天帝国","徐克"
"京城81号","叶伟民"
"蓝莓之夜","王家卫"
"苏州河","娄烨"
"一夜惊喜","金依萌"
"旺角卡门","王家卫"
"青春派","刘杰"
"我想和你好好的","李蔚然"
"不二神探","王子鸣"
"风暴","袁锦麟"
"集结号","冯小刚"
"浮城谜事","娄烨"
"二次曝光","李玉"
"整蛊专家","王晶"
"太阳照常升起","姜文"
"等一个人咖啡","江金霖"
"审死官","杜琪峰"
"天下无双","刘镇伟"
"南京！南京！","陆川"
"紫日","冯小宁"
"叶问2：宗师传奇","叶伟信"
"白鹿原","王全安"
"夺命金","杜琪峰"
"鹿鼎记2：神龙教","王晶"
"神话","唐季礼"
"大魔术师","尔冬升"
"不再让你孤单","刘伟强"
"建国大业","韩三平 "
"建国大业"," 黄建新"
"大腕","冯小刚"
"河东狮吼","马伟豪"
"赌圣","元奎 "
"赌圣"," 刘镇伟"
"杜拉拉升职记","徐静蕾"
"海上花","侯孝贤"
"将爱情进行到底","张一白"
"回魂夜","刘镇伟"
"海洋天堂","薛晓路"
"古惑仔2之猛龙过江","刘伟强"
"黑社会2：以和为贵","杜琪峰"
"最爱","顾长卫"
"星空","林书宇"
"满城尽带黄金甲","张艺谋"
"宝莲灯","常光希"
"不见不散","冯小刚"
"东京审判","高群书"
"堕落天使","王家卫"
"第36个故事","萧雅全"
"救火英雄","郭子健"
"爱情呼叫转移","张建亚"
"赌神","王晶"
"家有喜事","高志森"
"白发魔女传之明月天国","张之亮"
"斗牛","管虎"
"十面埋伏","张艺谋"
"线人","林超贤"
"旋风小子","朱延平"
"手机","冯小刚"
"武侠","陈可辛"
"赌侠","王晶"
"非常完美","金依萌"
"无极","陈凯歌"
"放·逐","杜琪峰"
"大明劫","王竞"
"一个陌生女人的来信","徐静蕾"
"我愿意","孙周"
"魔警","林超贤"
"瘦身男女","杜琪峰 "
"瘦身男女"," 韦家辉"
"人间·小团圆","彭浩翔"
"有话好好说","张艺谋"
"古惑仔3之只手遮天","刘伟强"
"消失的子弹","罗志良"
"翻滚吧！阿信","林育贤"
"逃学威龙2","陈嘉上"
"赤壁(上)","吴宇森"
"夜宴","冯小刚"
"夜·店","杨庆"
"投名状","陈可辛 "
"投名状"," 叶伟民"
"武林外传","尚敬"
"边境风云","程耳"
"美少年之恋","杨凡"
"保持通话","陈木胜"
"一个都不能少","张艺谋"
"东方不败风云再起","李惠民 "
"东方不败风云再起"," 程小东"
"爸爸去哪儿","谢涤葵 "
"爸爸去哪儿"," 林妍"
"我是谁","陈木胜 "
"我是谁"," 成龙"
"新宿事件","尔冬升"
"破坏之王","李力持"
"枪王之王","尔冬升"
"剑雨","苏照彬"
"赌侠2：上海滩赌圣","王晶"
"赵氏孤儿","陈凯歌"
"倩女幽魂2：人间道","程小东"
"方世玉","元奎"
"向左走．向右走","杜琪峰 "
"向左走．向右走"," 韦家辉"
"江湖告急","林超贤"
"97古惑仔战无不胜","刘伟强"
"新少林寺","陈木胜"
"全球热恋","陈国辉 "
"全球热恋"," 夏永康"
"锦衣卫","李仁港"
"万有引力","赵天宇"
"痞子英雄之全面开战","蔡岳勋"
"太极张三丰","袁和平"
"赤裸特工","程小东"
"太极1：从零开始","冯德伦"
"黄飞鸿","徐克"
"四大名捕大结局","陈嘉上 "
"四大名捕大结局"," 秦小珍"
"四大名捕2","陈嘉上 "
"四大名捕2"," 秦小珍"
"逃出生天","彭发 "
"逃出生天"," 彭顺"
"大灌篮","朱延平"
"临时同居","卓韵芝"
"意外","郑保瑞"
"恋爱通告","王力宏"
"第一次","韩延"
"情癫大圣","刘镇伟"
"盛夏光年","陈正道"
"宫锁沉香","潘安子"
"大内密探灵灵狗","王晶"
"证人","林超贤"
"A计划","成龙"
"危险关系","许秦豪"
"云水谣","尹力"
"女人不坏","徐克"
"孔雀","顾长卫"
"满汉全席","徐克"
"四大名捕","陈嘉上 "
"四大名捕"," 秦小珍"
"笑傲江湖","胡金铨 "
"笑傲江湖"," 徐克 "
"笑傲江湖"," 金扬桦 "
"笑傲江湖"," 李惠民 "
"笑傲江湖"," 程小东 "
"笑傲江湖"," 许鞍华"
"秋天的童话","张婉婷"
"狗咬狗","郑保瑞"
"三毛从军记","张建亚"
"暗花","游达志"
"越光宝盒","刘镇伟"
"赤壁(下)","吴宇森"
"非常幸运","丹尼·高顿"
"千王之王2000","王晶"
"导火线","叶伟信"
"金枝玉叶","陈可辛"
"大兵小将","丁晟"
"立春","顾长卫"
"举起手来！","冯小宁"
"倩女幽魂","叶伟信"
"倚天屠龙记之魔教教主","王晶"
"一页台北","陈骏霖"
"我们天上见","蒋雯丽"
"98古惑仔之龙争虎斗","刘伟强"
"反贪风暴","林德禄"
"蓝色骨头","崔健"
"少林寺","张鑫炎"
"巴尔扎克与小裁缝","戴思杰"
"大上海","王晶"
"宅女侦探桂香","彭顺"
"黄飞鸿之二：男儿当自强","徐克"
"黄飞鸿之三：狮王争霸","徐克"
"我的父亲母亲","张艺谋"
"警察故事","成龙"
"大块头有大智慧","杜琪峰 "
"大块头有大智慧"," 韦家辉"
"画壁","陈嘉上"
"异度空间","罗志良"
"秋菊打官司","张艺谋"
"三峡好人","贾樟柯"
"星愿","马楚成"
"喋血双雄","吴宇森"
"阮玲玉","关锦鹏"
"麦兜响当当","谢立文"
"低俗喜剧","彭浩翔"
"监狱风云","林岭东"
"游园惊梦","杨凡"
"王的盛宴","陆川"
"新扎师妹","马伟豪"
"爱有来生","俞飞鸿"
"白蛇传说","程小东"
"济公","杜琪峰 "
"济公"," 程小东"
"追爱大布局","赖俊羽"
"算死草","马伟豪"
"玻璃之城","张婉婷"
"钟无艳","杜琪峰 "
"钟无艳"," 韦家辉"
"方世玉续集","元奎"
"逃学威龙III之龙过鸡年","王晶"
"新不了情","尔冬升"
"金鸡","赵良骏"
"倩女幽魂3：道道道","程小东 "
"倩女幽魂3：道道道"," 徐克"
"赌神2","王晶"
"十二夜","林爱华"
"太极2：英雄崛起","冯德伦"
"十全九美","王岳伦"
"枪王","罗志良"
"硬汉2：奉陪到底","丁晟"
"没完没了","冯小刚"
"金鸡SSS","邹凯光"
"千机变Ⅱ花都大战","元奎 "
"千机变Ⅱ花都大战"," 梁柏坚"
"顽主","米家山"
"鸿门宴传奇","李仁港"
"魁拔之十万火急","王川"
"寻枪","陆川"
"97家有喜事","张坚庭"
"千机变","林超贤 "
"千机变"," 甄子丹"
"月满轩尼诗","岸西"
"雪花秘扇","王颖"
"我11","王小帅"
"逆战","林超贤"
"风柜来的人","侯孝贤"
"城市猎人","王晶"
"一个字头的诞生","韦家辉"
"Hello！树先生","韩杰"
"硬汉","丁晟"
"每当变幻时","罗永昌"
"滚滚红尘","严浩"
"秦时明月之龙腾万里","沈乐平"
"伤城","刘伟强 "
"伤城"," 麦兆辉"
"婚前试爱","叶念琛"
"刀","徐克"
"红番区","唐季礼"
"白发魔女传","于仁泰"
"中南海保镖","元奎 "
"中南海保镖"," 小中和哉"
"飞越老人院","张扬"
"血滴子","刘伟强"
"我知女人心","陈大明"
"胜者为王","刘伟强"
"黑金","麦当杰"
"花木兰","马楚成"
"看上去很美","张元"
"意外的恋爱时光","黎志"
"假装情侣","刘奋斗"
"站台","贾樟柯"
"夏日么么茶","马楚成"
"无人驾驶","张扬"
"新少林五祖","王晶"
"搞定岳父大人","李海蜀"
"落叶归根","张扬"
"PTU","杜琪峰"
"龙虎门","叶伟信"
"三枪拍案惊奇","张艺谋"
"那夜凌晨，我坐上了旺角开往大埔的红VAN","陈果"
"风云雄霸天下","刘伟强"
"花好月圆","叶锦鸿"
"男儿本色","陈木胜"
"旺角黑夜","尔冬升"
"麦兜，菠萝油王子","袁建滔"
"双龙会","徐克 "
"双龙会"," 林岭东"
"七剑","徐克"
"蜀山传","徐克"
"梅兰芳","陈凯歌"
"韩城攻略","马楚成"
"山村老尸","梁鸿华"
"孙子从美国来","曲江涛"
"九降风","林书宇"
"光棍儿","郝杰"
"地道战","任旭东"
"关云长","麦兆辉 "
"关云长"," 庄文强"
"铜雀台","赵林山"
"猛龙过江","李小龙"
"宋家皇朝","张婉婷"
"自梳","张之亮"
"玻璃樽","谷德昭"
"控制","毕国智"
"圣诞玫瑰","杨采妮"
"伊莎贝拉","彭浩翔"
"半生缘","许鞍华"
"龙之谷：破晓奇兵","宋岳峰"
"六福喜事","谷德昭"
"幸福额度","陈正道"
"爱情呼叫转移Ⅱ：爱情左右","张建亚"
"城南旧事","吴贻弓"
"维多利亚一号","彭浩翔"
"超体","吕克·贝松"
"银河护卫队","詹姆斯·古恩"
"鸟人","亚利桑德罗·冈萨雷斯·伊纳里多"
"万物理论","詹姆斯·马什"
"美国队长2","安东尼·卢素 "
"美国队长2"," 乔·卢素"
"猩球崛起2：黎明之战","马特·里夫斯"
"变形金刚4：绝迹重生","迈克尔·贝"
"华尔街之狼","马丁·斯科塞斯"
"泰迪熊","塞思·麦克法兰"
"驯龙高手2","迪恩·德布洛斯"
"金蝉脱壳","米凯尔·哈弗斯特罗姆"
"饥饿游戏","盖瑞·罗斯"
"饥饿游戏2：星火燎原","弗朗西斯·劳伦斯"
"沉睡魔咒","罗伯特·斯特罗姆伯格"
"超凡蜘蛛侠2","马克·韦布"
"雷神2：黑暗世界","阿兰·泰勒"
"分歧者：异类觉醒","尼尔·博格"
"哥斯拉","加里斯·爱德华斯"
"僵尸世界大战","马克·福斯特"
"林中小屋","德鲁·高达"
"普罗米修斯","雷德利·斯科特"
"美国队长","乔·庄斯顿"
"黑衣人3","巴里·索南菲尔德"
"钢铁侠2","乔恩·费儒"
"安德的游戏","加文·胡德"
"空中营救","佐米·希尔拉"
"碟中谍3","J·J·艾布拉姆斯"
"海扁王","马修·沃恩"
"碟中谍2","吴宇森"
"暮光之城","凯瑟琳·哈德威克"
"加勒比海盗4：惊涛怪浪","罗伯·马歇尔"
"超凡蜘蛛侠","马克·韦布"
"水果硬糖","大卫·斯雷德"
"忍者神龟：变种时代","乔纳森·里贝斯曼"
"遗落战境","约瑟夫·科辛斯基"
"星运里的错","约什·布恩"
"变形金刚3","迈克尔·贝"
"爱丽丝梦游仙境","蒂姆·波顿"
"哈利·波特与混血王子","大卫·叶茨"
"博物馆奇妙夜","肖恩·利维"
"007：大破天幕杀机","萨姆·门德斯"
"里约大冒险2","卡洛斯·沙尔丹哈"
"哈利·波特与凤凰社","大卫·叶茨"
"敢死队3","帕特里克·休斯"
"大侦探福尔摩斯","盖·里奇"
"时间规划局","安德鲁·尼科尔"
"招魂","温子仁"
"珍珠港","迈克尔·贝"
"速度与激情","罗伯·科恩"
"摩纳哥王妃","奥利维耶·达昂"
"X战警","布莱恩·辛格"
"死寂","温子仁"
"雷神","肯尼思·布拉纳"
"猎头游戏","莫滕·泰杜姆"
"超验骇客","沃利·菲斯特"
"潘神的迷宫","吉尔莫·德尔·托罗"
"十二宫","大卫·芬奇"
"独裁者","拉里·查尔斯"
"醉乡民谣","乔尔·科恩 "
"醉乡民谣"," 伊桑·科恩"
"超人：钢铁之躯","扎克·施奈德"
"X战警2","布莱恩·辛格"
"X战警3：背水一战","布莱特·拉特纳"
"蜘蛛侠","山姆·雷米"
"雨果","马丁·斯科塞斯"
"死神来了","黄毅瑜"
"金刚狼","加文·胡德"
"公主日记","盖瑞·马歇尔"
"囚徒","丹尼斯·维伦纽瓦"
"你眼中的世界","布林·希尔"
"大侦探福尔摩斯2：诡影游戏","盖·里奇"
"僵尸肖恩","埃德加·赖特"
"金刚狼2","詹姆斯·曼高德"
"生化危机","保罗·安德森"
"女性瘾者：第一部","拉斯·冯·提尔"
"变相怪杰","查克·拉塞尔"
"法官老爹","大卫·道金"
"惊天危机","罗兰·艾默里奇"
"终结者3","乔纳森·莫斯托"
"黑衣人2","巴里·索南菲尔德"
"爱情与灵药","爱德华·兹威克"
"迷失东京","索菲亚·科波拉"
"大厨","丹尼尔·科恩"
"冒牌天神","汤姆·沙迪亚克"
"速度与激情4","林诣彬"
"十一罗汉","史蒂文·索德伯格"
"BJ单身日记","沙朗·马奎尔"
"革命之路","萨姆·门德斯"
"在云端","贾森·雷特曼"
"暴力街区","卡米尔·狄拉玛"
"落魄大厨","乔恩·费儒"
"第五元素","吕克·贝松"
"环形使者","莱恩·约翰逊"
"美国骗局","大卫·O·拉塞尔"
"永无止境","尼尔·博格"
"伊甸湖","詹姆斯·瓦特金斯"
"超人总动员","布拉德·伯德"
"生化危机2：启示录","亚历山大·维特"
"少数派报告","史蒂文·斯皮尔伯格"
"重返十七岁","布尔·斯蒂尔斯"
"幻影凶间","米凯尔·哈弗斯特罗姆"
"异形","雷德利·斯科特"
"敢死队2","西蒙·韦斯特"
"机械战警","若泽·帕迪里亚"
"速度与激情2","约翰·辛格顿"
"潜伏","温子仁"
"康斯坦丁","弗朗西斯·劳伦斯"
"戴珍珠耳环的少女","彼得·韦柏"
"飓风营救2","奥利维尔·米加顿"
"达·芬奇密码","朗·霍华德"
"通缉令","提莫·贝克曼贝托夫"
"星际迷航","J·J·艾布拉姆斯"
"暮光之城2：新月","克里斯·韦兹"
"马达加斯加","埃里克·达尼尔 "
"马达加斯加"," 汤姆·麦格拉思"
"宿醉2","托德·菲利普斯"
"岳父岳母真难当","菲利普∙德∙肖伏隆"
"血肉之躯","乔纳森·莱文"
"怪物史瑞克","安德鲁·亚当森 "
"怪物史瑞克"," 维基·詹森"
"蜘蛛侠2","山姆·雷米"
"勇敢传说","马克∙安德鲁斯 "
"勇敢传说"," 布兰达∙查普曼 "
"勇敢传说"," 史蒂夫·普切尔"
"我家买了动物园","卡梅伦·克罗"
"毕业生","迈克·尼科尔斯"
"活埋","罗德里格·科特兹"
"谍影重重4","托尼·吉尔罗伊"
"速度与激情3：东京漂移","林诣彬"
"偷心","迈克·尼科尔斯"
"七个神经病","马丁·麦克唐纳"
"极品飞车","斯科特·沃"
"无敌浩克","路易斯·莱特里尔"
"冷山","安东尼·明格拉"
"锅匠，裁缝，士兵，间谍","托马斯·阿尔弗莱德森"
"终结者2018","约瑟夫·麦克金提·尼彻"
"一树梨花压海棠","阿德里安·莱恩"
"博物馆奇妙夜2","肖恩·利维"
"花木兰","巴里·库克 "
"花木兰"," 托尼·班克罗夫特"
"死在西部的一百万种方式","塞思·麦克法兰"
"别惹我","吕克·贝松"
"全民超人汉考克","彼得·博格"
"天才眼镜狗","罗伯·明可夫"
"女性瘾者：第二部","拉斯·冯·提尔"
"敢死队","西尔维斯特·史泰龙"
"恋爱假期","南希·迈耶斯"
"弗兰克","伦尼·阿伯拉罕森"
"极乐空间","尼尔·布洛姆坎普"
"晚秋","金泰勇"
"夺宝联盟","崔东勋"
"狼少年","赵成熙"
"走到尽头","金成勋"
"人间中毒","金大宇"
"建筑学概论","李勇周"
"汉江怪物","奉俊昊"
"绝密跟踪","曹义锡‍ "
"绝密跟踪"," 金丙书"
"亲切的金子","朴赞郁"
"丑女大翻身","金容华"
"老千2：神之手","姜炯哲"
"触不到的恋人","李铉升"
"色即是空","尹齐均"
"卑劣的街头","庾河"
"比悲伤更悲伤的故事","元泰渊"
"圣殇","金基德"
"流感","金性洙"
"我的黑色小礼服","许仁茂"
"热血青春","李莲雨"
"我的P.S.搭档","卞成贤"
"柏林","柳昇完"
"杀人漫画","金容钧"
"盲","安相勋"
"抓住那个家伙","郑根燮"
"只有你","宋一坤"
"道熙呀","郑朱莉"
"不可饶恕","金亨俊"
"嫌疑人X的献身","方银振"
"我要复仇","朴赞郁"
"王的男人","李濬益"
"好朋友们","李道允"
"邻居","金辉"
"我是杀人犯","郑秉吉"
"欢迎来到东莫村","朴光铉"
"海雾","沈成宝"
"蔷花，红莲","金知云"
"韩公主","李秀镇"
"创可贴","郑基训"
"那小子真帅","李焕庆"
"与犯罪的战争：坏家伙的全盛时代","尹钟彬"
"率性而活","罗喜灿"
"八月照相馆","许秦豪"
"世上最美的离别","闵奎东"
"萨玛利亚女孩","金基德"
"观相","韩在林"
"密阳","李沧东"
"悲伤电影","权宗官"
"老千","崔东勋"
"摩天楼","金志勋"
"七天","元新渊"
"我妻子的一切","闵奎东"
"人狗奇缘","朴恩亨 "
"人狗奇缘"," 吴达均"
"恋爱的温度","鲁德"
"时间","金基德"
"老师的恩惠","林大雄"
"诗","李沧东"
"优雅的谎言","李翰"
"傻瓜","金正权"
"绿洲","李沧东"
"那家伙的声音","朴镇彪"
"铁线虫入侵","朴正祐"
"嫌疑人","元新渊"
"华丽的外出","高京娥"
"我的小小新娘","金豪俊"
"华颐：吞噬怪物的孩子","张俊焕"
"方子传","金大宇"
"收件人不详","金基德"
"莫比乌斯","金基德"
"弓","金基德"
"薄荷糖","李沧东"
"高地战","张勋"
"我的见鬼女友","黄仁镐"
"狼的诱惑","金泰均"
"实尾岛","康佑硕"
"后宫：帝王之妾","金大承"
"孩子们","李圭满"
"同窗","朴信宇"
"呼吸","金基德"
"捉迷藏","许政"
"金馆长对金馆长对金馆长","朴成均Seong-gyun Park"
"计划男","成时翕"
"考死：血之期中考试","尹鸿承"
"宝贝和我","金镇英"
"特工强档","申太罗"
"两个月亮","金东濒"
"天国的邮递员","李亨民"
"野蛮师姐","郭在容"
"密爱","边永柱"
"朋友","郭暻泽"
"朋友2","郭暻泽"
"方糖","李焕庆"
"偷心贼","李贤中"
"寻找金钟旭","张幼珍"
"冠军","李焕庆"
"海盗","李石勋"
"登陆之日","姜帝圭"
"女高怪谈3：狐狸阶梯","尹载然"
"美人图","田允秀"
"假面","梁允豪"
"公司职员","林相润"
"我们的幸福时光","宋海星"
"委托人","孙英胜"
"嚎叫","庾河"
"少年菀得","李翰"
"粉红色高跟鞋","金容钧"
"绿头苍蝇","梁益俊"
"红字","边赫"
"群盗：民乱的时代","尹钟彬"
"好雨时节","许秦豪"
"海云台","尹齐均"
"神之一手","赵范九"
"请别相信她","裴炯俊"
"爱情小说","全桂洙"
"马粥街残酷史","庾河"
"笔仙","安兵基"
"电影就是电影","张勋"
"奥罗拉公主","方银振"
"田禹治","崔东勋"
"美娜的文具店","郑益奂"
"痛症","郭暻泽"
"百万富翁的初恋","金泰均"
"外出","许秦豪"
"神汉流氓","赵珍奎"
"向左爱·向右爱","李翰"
"宠物情人","金炳坤"
"纯情漫画","柳长河"
"共犯","国东锡"
"奶奶强盗团","姜孝镇"
"当男人恋爱时","韩东旭"
"搭讪的法则","吴基焕"
"逆鳞","李宰圭"
"妈妈别哭","金容汉"
"恩娇","郑址宇"
"恋爱操作团","金炫锡"
"今天","李廷香"
"夜关门：欲望之花","林庆洙"
"屏息","赵容善"
"哭泣的男人","李桢凡"
"最终兵器：弓","金韩民"
"高龄化家族","宋海星"
"庆州","张律"
"恐怖故事2","金成浩 "
"恐怖故事2"," 金辉 "
"恐怖故事2"," 郑凡植 "
"恐怖故事2"," 闵奎东"
"火车","边永柱"
"我的野蛮女老师","金庆尚"
"女高怪谈4：声音","崔益焕"
"西洋古董洋果子店","闵奎东"
"恋爱进行时","李言熙"
"我的老婆是大佬","赵珍奎"
"假发","元新渊"
"断箭","郑智泳"
"两个婚礼一个葬礼","金赵光寿"
"彷徨之刃","李正浩"
"结婚前夜","洪智暎"
"芭比","李尚宇"
"双面君王","秋昌民"
"向日葵","姜石范"
"好家伙、坏家伙、怪家伙","金知云"
"不后悔","李宋喜一"
"生死谍变","姜帝圭"
"猫：看见死亡的双眼","Byun Seung-Wook"
"七音符","姜建享"
"优雅的世界","韩在林"
"悲梦","金基德"
"猛男诞生记","申汉率"
"珍妮和朱诺","金豪俊"
"国家代表","金容华"
"马拉松","郑胤澈"
"甜蜜的人生","金知云"
"爱，不爱","李胤基"
"不当交易","柳昇完"
"人形师","郑勇基"
"我的老婆是大佬3","赵珍奎"
"随风而逝","金柱浩"
"白兰","宋海星"
"读心术","权昊英"
"义兄弟","张勋"
"加油站袭击事件","金相辰"
"机器人之恋","朴赞郁"
"现在和相爱的人在一起吗?","郑允秀"
"美景之屋","李洙成"
"26年","曹根贤"
"汉城大劫案","崔东勋"
"情事","李在容"
"舞女纯情","朴英勋"
"胡狼来了","裴亨俊"
"下水井","Jae-Young Shin"
"女高怪谈1：死亡教室","朴歧炯"
"波浪预报","田允秀"
"为了皇帝","朴相骏"
"公寓","安兵基"
"标靶","尹鸿承"
"孝子洞理发师","林赞相"
"深海之战","金志勋"
"车警官","申太罗"
"奇谈","郑凡植 "
"奇谈"," 郑植"
"女高怪谈2：交换日记","金泰勇 "
"女高怪谈2：交换日记"," 闵奎东"
"金钱之味","林常树"
"曾是超人的男子","郑胤澈"
"游戏","尹仁灏"
"荆棘","金泰均"
"春逝","许秦豪"
"苔藓","康佑硕"
"爱情储蓄罐","金正焕"
"谁和她睡过了","金佑成"
"向着炮火","李载汉"
"黄真伊","张允炫"
"奴隶情人","申东烨"
"长腿叔叔","孔正植"
"海岸线","金基德"
"男人使用说明书","李元硕"
"生活的发现","洪尚秀"
"平行理论","权昊英"
"下女","金绮泳"
"中毒","朴英勋"
"我的爱","李翰"
"深夜调频","金相万"
"两个女人","郑允秀"
"朝鲜名侦探：高山乌头花的秘密","金锡允"
"捉奸侦探","金亨俊"
"谁都有秘密","张贤洙"
"幸福","许秦豪"
"女高怪谈5：结伴自杀","李宗容"
"传说的拳头","康佑硕"
"云霄飞车","河正宇"
"在异国","洪尚秀"
"少女怪谈","吴仁天"
"我们善熙","洪尚秀"
"B型男友","崔锡元"
"北村方向","洪尚秀"
"千年狐","李成康"
"绑架门口狗","奉俊昊"
"青春","郭志均"
"醉画仙","林权泽"
"梦精记","丁楚信"
"考死2：教学实习","俞善东"
"我的亲密敌人","林常树"
"绿鱼","李沧东"
"鬼铃","安兵基"
"R2B：回到基地","金东元"
"妻子结婚了","郑允秀"
"一对一","金基德"
"处女心经","洪尚秀"
"顶楼大象","郑升求"
"舞蹈皇后","李石勋"
"间谍","Seung-joon Lee"
"妈妈","崔益焕"
"南方大作战","林顺礼"
"医生","金成洪"
"白色：诅咒的旋律","金曲 "
"白色：诅咒的旋律"," 金宣"
"幸福出租车","박창진"
"韩塞尔与葛雷特","任弼星"
"抽象画中的越南少女","金泰经"
"蓝盐","李铉升"
"娘家母亲","刘成烨"
"可疑的顾客们","曹镇模"
"演员就是演员","申渊植"
"10分钟","李勇胜"
"犯罪少年","疆利官"
"智齿","郑址宇"
"六年之痒","朴贤真"
"罗密欧点","孔水昌"
"不是任何人女儿的海媛","洪尚秀"
"朝鲜美女三剑客","朴济铉"
"基因危机：天才科学家的五日","金性秀"
"精彩的一天","李胤基"
"拯救地球！","张俊焕"
"情侣们","郑勇基"
"八面玲珑的申小姐","朴庸集"
"强哲","安权太"
"夜之女王","金济英"
"我的老婆是大佬2","Heung-sun Jeong"
"我的老婆是大佬2","郑多顺"
"灰姑娘","奉万大"
"我的野蛮初恋","吴钟禄"
"我的哥哥","安权太"
"美丽","全宰洪"
"白色情人节","梁允豪"
"盗亦有道","郑勇基"
"高跟鞋","张镇"
"哥哥我爱你","林泰亨"
"传说中的故乡","金志焕"
"大庆典","李海暎"
"菊花香","李政旭"
"愉快的人生","李濬益"
"变身小姐","丁楚信"
"提线木偶","权英乐"
"花美男连锁恐怖事件","李卷"
"哭泣的拳头","柳昇完"
"突然有一天之D-day","金恩景"
"11时","金炫锡"
"对不起，谢谢你","林顺礼 "
"对不起，谢谢你"," 宋一坤 "
"对不起，谢谢你"," 吴点均 "
"对不起，谢谢你"," 朴兴植"
"逃学威凤","朴光椿"
"梨泰院杀人事件","洪基善"
"家族荣誉4：家门的受难","郑勇基"
"举起金刚","朴建龙"
"鳄鱼藏尸日记","金基德"
"娼","林权泽"
"畅销书","李正浩"
"儿子","张镇"
"第二次爱情","金镇雅"
"577计划","Yi Keun-Woo"
"夜与日","洪尚秀"
"温暖的告别","南泽秀"
"秘密爱","柳勋 "
"秘密爱"," 权志妍"
"青春漫画","李翰"
"人类灭亡报告书","金知云 "
"人类灭亡报告书"," 任弼星"
"解剖学教室","孙泰雄"
"你是我的命运","朴珍杓"
"两个坏小子","朴宪洙"
"玛德琳","朴光椿"
"朝韩梦之队","文贤盛"
"不眠之夜","张建宰"
"IRIS电影版","梁允豪 "
"IRIS电影版"," 金奎泰"
"无防备都市","李相基"
"家族荣誉","郑兴顺"
"猪堕井的那天","洪尚秀"
"官能的法则","权七仁"
"崭新的生活","Ounie Lecomte"
"永无结局的故事","郑用柱"
"少女","崔真星"
"超能力者","金民锡"
"飞吧，爸爸","崔宗泰"
"淘气少女求爱记","尹学烈"
"90分钟","PARK Sun-Uk"
"灵","金泰经"
"火山高校","金泰均"
"爱的蹦极","金大胜"
"回归","李圭满"
"落跑老爸","赵东五"
"夏夏夏","洪尚秀"
"陷阱","金成洪"
"S日记","权宗官"
"我的帕瓦罗蒂","尹宗灿"
"记忆中的风琴","李荣宰"
"初恋大作战","Ahn Cheol-ho"
"怪物","黄仁镐"
"丰山犬","全宰洪"
"懂得又如何","洪尚秀"
"不明影像：绝对点击禁止","金泰经"
"礼物","吴其焕"
"完美广播","权七仁"
"占卜师们","申政元"
"浪漫刺客","尹齐均"
"杀手公司","张镇"
"突然有一天之第四层","权昊英"
"突然有一天之2月29日","郑宗勋"
"青春学堂","Goo Mo"
"时尚王","吴基焕"
"厨房","洪志英"
"武士","金性洙"
"海边的女人","洪尚秀"
"梦精记2","丁楚信"
"大提琴","李宇哲"
"香草","许仁茂"
"胖嘟嘟的革命","闵斗植"
"热情似火","权七仁"
"寄生灵","Ko Seok-jin"
"我的爱在我身边","朴镇彪"
"哭泣的女人","刘冰鉴"
"爱情真可怕","郑宇哲"
"顶级明星","朴重勋"
"人民公厕","陈果 (Fruit Chan)"
"单车上路","林云成"
"鬼镜","金成浩"
"国境之南","安坂石"
"全顺粉女士绑架事件","金相辰"
"胡萝卜小姐","李京美"
"山茶花","行定勋 "
"山茶花"," 韦西·沙赞那庭 "
"山茶花"," 张俊焕Jun-hwan Jeong"
"人民公敌","康佑硕"
"宫女","金美正"
"鼓舞激情","Duane Adler"
"啐啄同时","金炅默"
"马屁王","郑胜求"
"台风","郭暻泽"
"家族荣誉3：家门的复活","郑勇基"
"无籍者","宋海星"
"剧场前","洪尚秀"
"南营洞1985","郑智泳"
"雅典娜：无间谍局","金荣俊 "
"雅典娜：无间谍局"," 金泰勋 "
"雅典娜：无间谍局"," 黄郑贤"
"突然有一天之黑暗森林","金廷珉"
"家族荣誉2：家门的危机","郑勇基"
"极乐岛杀人事件","金韩民"
"失踪","金成洪"
"千万次呼唤","申成涉"
"美术馆旁的动物园","李廷香"
"一番街奇迹","尹齐均"
"坡州","朴燦玉"
"宿命","金海坤"
"音痴诊所","金镇英"
"恋爱的技术","李洙成"
"间谍","吴民浩"
"秘密","尹宰久"
"恋风恋歌","朴大荣"
"那年夏天","赵根植"
"吝啬罗曼史","金郑勋"
"时失2公里","申政元"
"男友从军记","柳升进"
"快递惊魂","赵范九"
"玉熙的电影","洪尚秀"
"蒙面达虎","金相赞 "
"蒙面达虎"," 金贤秀"
"九岁人生","尹仁灏"
"中天","赵东五"
"心心历险记","李正哲"
"早安总统","张镇"
"一夜情","张勋 Hyun Jang "
"一夜情"," 闵龙根 "
"一夜情"," 李宥琳 Yu-lin Lee"
"难为情","金秀玹"
"错爱双鱼座","金衡泰"
"越狱二人组","朴正祐"
"冥王星","申秀媛"
"红眼","金东濒"
"刑事","李明世"
"处女晚餐","林常树"
"影子杀人","朴大民"
"我的小小英雄","金圣勋"
"红色假期黑色婚礼","朴哲洙 "
"红色假期黑色婚礼"," 金泰植"
"解决士","Hyeok-jae Kwon"
"恋空","今井夏木"
"白雪公主杀人事件","中村义洋"
"向阳处的她","三木孝浩"
"我的机器人女友","郭在容"
"关于莉莉周的一切","岩井俊二"
"猫的报恩","森田宏幸"
"白兔糖","萨布"
"热血高校","三池崇史"
"不求上进的玉子","山下敦弘"
"浪客剑心：京都大火篇","大友启史"
"挪威的森林","陈英雄"
"狼狈","蜷川实花"
"浪客剑心","大友启史"
"咒怨","清水崇"
"白夜行","深川荣洋"
"天使之恋","寒竹百合"
"只是爱着你","新城毅彦"
"丈夫得了抑郁症","佐佐部清"
"热血高校2","三池崇史"
"娜娜","大谷健太郎"
"午夜凶铃","中田秀夫"
"花火","北野武"
"听说桐岛要退部","吉田大八"
"恶童","迈克尔·艾里亚斯"
"坏孩子的天空","北野武"
"百变狸猫","高畑勋"
"白金数据","大友启史"
"街角洋果子店","深川荣洋"
"五个扑水的少年","矢口史靖"
"花水木","土井裕泰"
"秋刀鱼之味","小津安二郎"
"我的初恋情人","新城毅彦"
"青之炎","蜷川幸雄"
"梦旅人","岩井俊二"
"东京家族","山田洋次"
"听到涛声","望月智充"
"云的彼端，约定的地方","新海诚"
"永远的三丁目的夕阳","山崎贵"
"下妻物语","中岛哲也"
"乱","黑泽明"
"脑男","泷本智行"
"最终幻想7：圣子降临","野村哲也 "
"最终幻想7：圣子降临"," 野末武志"
"盛夏的方程式","西谷弘"
"月代头布丁","中村义洋"
"渴望","中岛哲也"
"好想告诉你","熊泽尚人"
"追逐繁星的孩子","新海诚"
"我的邻居山田君","高畑勋"
"摇摆少女","矢口史靖"
"狗狗与我的十个约定","本木克英"
"重力小丑","森淳一"
"攻壳机动队2 无罪","押井守"
"心理游戏","汤浅政明"
"魔幻时刻","三谷幸喜"
"小小的家","山田洋次"
"回忆三部曲","大友克洋 "
"回忆三部曲"," 森本晃司 "
"回忆三部曲"," 冈村天斋"
"那年夏天，宁静的海","北野武"
"奇迹","是枝裕和"
"爱的曝光","园子温"
"扶桑花女孩","李相日"
"座头市","北野武"
"多田便利屋","大森立嗣"
"极恶非道","北野武"
"大奥","金子文纪"
"冰冷热带鱼","园子温"
"想要拥抱你","盐田明彦"
"用心棒","黑泽明"
"三分之一","品川祐"
"东京塔","松冈锭司"
"生化危机：诅咒","神谷诚"
"蜂蜜与四叶草","高田雅博"
"黄昏的清兵卫","山田洋次"
"热血高校3","丰田利晃"
"梦","黑泽明"
"庸才","园子温"
"楢山节考","今村昌平"
"室友","古泽健"
"永远的0","山崎贵"
"二重身","安里麻里"
"在世界中心呼唤爱","行定勋"
"咒怨2","清水崇"
"我们的存在(上)","三木孝浩"
"地狱为何恶劣","园子温"
"恶之教典","三池崇史"
"桃花期","大根仁"
"了不起的亡灵","三谷幸喜"
"致亲爱的你","降旗康男"
"她爱上了我的谎","小泉德宏"
"空气人偶","是枝裕和"
"阿基拉","大友克洋"
"极恶非道2","北野武"
"生之欲","黑泽明"
"第八日的蝉","成岛出"
"邻居同居LDK","川村泰祐"
"诈欺游戏 电影版","松山博昭"
"彩虹女神","熊泽尚人"
"大佬","北野武"
"笑之大学","星护"
"秘密","泷田洋二郎"
"鼹鼠之歌","三池崇史"
"向日葵与幼犬的7天","平松惠美子"
"阴阳师","泷田洋二郎"
"杀手阿一","三池崇史"
"我们的存在(下)","三木孝浩"
"永远的三丁目的夕阳之1964","山崎贵"
"神的病历簿2","深川荣洋"
"我们与驻在先生的700日战争","塚本连平"
"十三刺客","三池崇史"
"百万元与苦虫女","棚田由纪"
"阿基里斯与龟","北野武"
"变态假面","福田雄一"
"伊豆的舞女","西河克己"
"切腹","小林正树"
"源氏物语：千年之谜","鶴橋康夫"
"人间失格","荒户源次郎"
"幸福的面包","三岛有纪子"
"追捕","佐藤纯弥"
"借着雨点说爱你","土井裕泰"
"赌博默示录","佐藤東弥"
"恶人","李相日"
"杀戮都市1","佐藤信介"
"记我的母亲","原田真人"
"爆肚风云","三谷幸喜"
"东京塔","源孝志"
"泪光闪闪","土井裕泰"
"生化危机：恶化","神谷诚"
"咖啡时光","侯孝贤"
"鬼来电","三池崇史"
"我只是还没有全力以赴","福田雄一"
"天然子结构","山下敦弘"
"失乐园","森田芳光"
"大奥 永远 右卫门佐·纲吉篇","金子文纪"
"前路漫漫","北川悦吏子"
"菜鸟评审员","永井聪"
"大逃杀2：镇魂歌","深作健太 "
"大逃杀2：镇魂歌"," 深作欣二"
"罗马浴场","武内英树"
"最近，妹妹的样子有点怪","青山裕企 "
"最近，妹妹的样子有点怪"," 伊基公袁"
"御法度","大岛渚"
"晚春","小津安二郎"
"推理要在晚餐后 电影版","土方政人"
"东京奏鸣曲","黑泽清"
"杀戮都市2","佐藤信介"
"天堂之吻","新城毅彦"
"雨月物语","沟口健二"
"杀妻总动员","关口现"
"GO!大暴走","行定勋"
"夏日时光机","本广克行"
"转转","三木聪"
"恋之罪","园子温"
"有顶天酒店","三谷幸喜"
"蛇舌","蜷川幸雄"
"大都会","林太郎"
"早安","小津安二郎"
"烟花","岩井俊二"
"恋爱写真","堤幸彦"
"无法触碰的爱 真人版","天野千寻"
"永远的三丁目的夕阳2","山崎贵"
"只在那里发光","吴美保"
"蒸汽男孩","大友克洋"
"女人步上楼梯时","成濑巳喜男"
"咒怨：终结的开始","落合正幸"
"今天开始恋爱吧","古泽健"
"蜘蛛巢城","黑泽明"
"生活艰难但是快乐","堤幸彦"
"女教師日記 禁じられた性","中田秀夫"
"椿三十郎","黑泽明"
"大菩萨岭","冈本喜八"
"地下幻灯剧画 少女椿","絵津久秋"
"名侦探柯南OVA9：十年后的陌生人","于地纮仁"
"地海传说","宫崎吾朗"
"纯净脆弱的心","新城毅彦"
"机器人大爷","矢口史靖"
"乐与路","三木孝浩"
"情迷意乱","成濑巳喜男"
"翡翠森林：狼与羊","杉井仪三郎"
"乌鸦的拇指","伊藤匡史"
"死神的精度","笕昌也"
"穿越时空的少女","谷口正晃"
"得买新鞋了","北川悦吏子"
"图书馆战争","佐藤信介"
"麦子小姐","吉田恵辅"
"再见，总有一天","李宰汉"
"彼岸花","小津安二郎"
"夏威夷男孩","真田敦"
"鲁邦三世：卡里奥斯特罗城","宫崎骏"
"虫师","大友克洋"
"诈欺游戏 -再生-","松山博昭"
"啄木鸟和雨","冲田修一"
"佛兰德斯的狗","黑田昌郎 Yoshio Kuroda"
"幻之光","是枝裕和"
"东京少女","小中和哉"
"花样男子最终章","石井康晴"
"东京日和","竹中直人"
"清须会议","三谷幸喜"
"神的病历薄","深川荣洋"
"怪谈","小林正树"
"娜娜2","大谷健太郎"
"死者田园祭","寺山修司"
"远山的呼唤","山田洋次"
"Jose与虎与鱼们","犬童一心"
"算计：七天的死亡游戏","中田秀夫"
"母亲","山田洋次"
"午夜凶铃2：贞子缠身","中田秀夫"
"人证","佐藤纯弥"
"幸福的黄手帕","山田洋次"
"咒怨 录像带版","清水崇"
"律政英雄","铃木雅之"
"苦役列车","山下敦弘"
"花","小泉德宏"
"凶暴的男人","北野武"
"奏鸣曲","北野武"
"咕咕是一只猫","犬童一心"
"哆啦A梦：大雄的恐龙","渡边步"
"周围的事","桥口亮辅"
"结婚欺诈师","吉田大八"
"初雪","韩相熙"
"一公升的眼泪","冈村力"
"谈谈情跳跳舞","周防正行"
"生活艰难所以快乐","堤幸彦"
"赌博默示录2","佐藤东弥"
"浮草","小津安二郎"
"寿喜烧西部片","三池崇史"
"我出生了，但……","小津安二郎"
"日本沉没","樋口真嗣"
"铁道员","降旗康男"
"爱之涡","三浦大辅"
"楢山节考","木下惠介"
"她的回忆","森本晃司"
"砂之女","敕使河原宏"
"弟弟","山田洋次"
"寻访千利休","田中光敏"
"咒怨：白老妇","三宅隆太"
"卖梦的两人","西川美和"
"彩虹老人院","犬童一心"
"千年之恋之源氏物语","崛川顿幸 (Tonko Horikawa)"
"再见溪谷","大森立嗣"
"青春残酷物语","大岛渚"
"鳗鱼","今村昌平"
"乌冬","本广克行"
"鬼龙院花子的一生","五社英雄"
"黄色的眼泪","犬童一心"
"浮云","成濑巳喜男"
"乌龟意外之速游","三木聪"
"罗马浴场2","武内英树"
"摇滚新乐团","堤幸彦"
"玩偶","北野武"
"蒲公英","伊丹十三"
"阴阳师2","泷田洋二郎"
"攻壳机动队SSS","神山健治"
"爱犬的奇迹","猪股隆一"
"蓝色青春","丰田利晃"
"神秘列车","吉姆·贾木许"
"租赁猫","荻上直子"
"眼镜","荻上直子"
"完美的蛇颈龙之日","黑泽清"
"诈欺猎人","石井康晴"
"鸭子和野鸭子的投币式自动存放柜","中村义洋"
"亲爱的朋友","两泽和幸"
"琳达！琳达！琳达！","山下敦弘"
"黄色大象","广木隆一"
"乘列车前行","森田芳光"
"四十九天的食谱","棚田由纪"
"一命","三池崇史"
"茶之味","石井克人"
"SP女探员 美之祭品","遊法仁"
"东京少年","平野俊一"
"小好、小麻、佐和子","御法川修"
"海边旅店","守屋健太郎"
"喜欢你","石川宽"
"人狼游戏","熊坂出"
"怪物","中田秀夫"
"蜗牛餐厅","富永麻衣"
"稻草之盾","三池崇史"
"去见小洋葱的母亲","森崎东"
"武士的家用帐","森田芳光"
"爱的捆绑","岩井俊二"
"复仇在我","今村昌平"
"星守之犬","泷本智行"
"麦秋","小津安二郎"
"宇宙兄弟","森义隆"
"恋爱部屋","大九明子"
"道歉大师","水田伸生"
"少年H","降旗康男"
"电车魔女","京谷唯志"
"阿信","富樫森"
"阪急电车 单程15分的奇迹","三宅喜重"
"欢迎来到隔离病房","松尾铃木"
"武士的一分","山田洋次"
"重金摇滚双面人","李斗士男"
"望乡","熊井启"
"百濑，朝向这边","耶云哉治"
"性爱狂想曲","北野武"
"隐剑鬼爪","山田洋次"
"秋日和","小津安二郎"
"刀锋下的爱","下山天"
"D坂杀人事件","窪田将治"
"46亿年之恋","三池崇史"
"暗金丑岛君","山口雅俊"
"鬼娃娃花子","松冈锭司"
"绷带","小林武史"
"苹果核战记","荒牧伸志"
"冬之蝉","伊藤真朱"
"午夜凶铃3：贞相大白","鹤田法男"
"秘密花园","矢口史靖"
"茶泡饭之味","小津安二郎"
"他人之颜","敕使河原宏"
"联合舰队司令长官：山本五十六","成岛出"
"洋芋片","中村义洋"
"自虐之诗","堤幸彦"
"下一站，天国","是枝裕和"
"圆桌","行定勋"
"野良犬","黑泽明"
"诱拐","井坂聪"
"战国英豪","黑泽明"
"大奥","林彻"
"即使这样也不是我做的","周防正行"
"遇人不熟","内田贤治"
"咒怨：黑少女","安里麻里"
"凶恶","白石和弥"
"天国与地狱","黑泽明"
"两个穿运动服的人","中村義洋"
"最后的吸血鬼","北久保弘之"
"兽兵卫忍风帖","川尻善昭"
"我在一家黑公司上班，已经快撑不下去了","佐藤祐市"
"爱我生活","川野浩司"
"纪子的餐桌","园子温"
"妹妹恋人","安藤寻"
"鬼怪屋","大林宣彦"
"等待，只为与你相遇","平川雄一朗"
"子狐物语","河野圭太"
"鬼婆","新藤兼人"
"落叶","今石洋之"
"夺命剑","小林正树"
"一切从遇见你开始","本木克英"
"春雪","行定勋"
"红线","小池健"
"西野的恋爱与冒险","井口奈己"
"礼物","宮岡太郎"
"催眠","落合正幸"
"太阳之歌","小泉德宏"
"导演万岁！","北野武"
"轮回","清水崇"
"砂之器","野村芳太郎"
"感染","落合正幸"
"人狼","冲浦启之"
"鬼来电2","冢本连平"
"放课后","内田贤治"
"禁忌","和島香太郎"
"零","安里麻里"
"苹果核战记2","荒牧伸志"
"你和我","窪田崇"
"佐贺的超级阿嬷","仓内均"
"逆转裁判","三池崇史"
"无限富江","井口昇"
"人造天堂","青山真治"
"鬼来电3","麻生学"
"奴隶区：我和我的23个奴隶","佐藤佐吉"
"鱼的故事","中村义洋"
"武士的食谱","朝原雄三"
"初恋","塙幸成"
"双面北野武","北野武"
"宠物小精灵：超梦的逆袭","汤山邦彦 "
"宠物小精灵：超梦的逆袭"," 迈克尔·海格尼"
"恋之涡","大根仁"
"血与骨","崔洋一"
"相残","青山真治"
"69","李相日"
"修罗雪姬","藤田敏八"
"小早川家之秋","小津安二郎"
"7500航班","清水崇"
"喜欢还是爱","堀内博志"
"春琴抄","西河克己"
"窈窕舞妓","周防正行"
"走私者","石井克人"
"鬼水怪谈","中田秀夫"
"变相黑侠","佐藤嗣麻子"
"多罗罗","盐田明彦"
"绷带俱乐部","堤幸彦"
"殡之森","河濑直美"
"明日之丈","曾利文彦"
"二十四只眼睛","木下惠介"
"东京残酷警察","西村喜广"
"特工绍特","菲利普·诺伊斯"
"机械师","西蒙·韦斯特"
"生死狙击","安东尼·福奎阿"
"功夫之王","罗伯·明可夫"
"霍元甲","于仁泰"
"特种部队2：全面反击","朱浩伟"
"古墓丽影","Simon West"
"007：大战皇家赌场","马丁·坎贝尔"
"赤焰战场","罗伯特·斯文克"
"生死时速","扬·德·邦特"
"偷天换日","F·加里·格雷"
"天龙特攻队","乔·卡纳汉"
"玩命快递","元奎 "
"玩命快递"," 路易斯·莱特里尔"
"国家宝藏","乔·德特杜巴"
"偷天陷阱","乔恩·阿米尔"
"蜘蛛侠3","山姆·雷米"
"虎胆龙威4","伦·怀斯曼"
"突袭","加雷斯·埃文斯"
"赤焰战场2","迪恩·帕里索特"
"虎胆龙威5","约翰·摩尔"
"玩命快递2","路易斯·莱特里尔"
"波斯王子：时之刃","迈克·内威尔"
"怒火攻心","马克·耐沃尔代 "
"怒火攻心"," 布莱恩·泰勒"
"国家公敌","托尼·斯科特"
"虎胆龙威","约翰·麦克蒂尔南"
"死亡飞车","保罗·安德森"
"特种部队：眼镜蛇的崛起","斯蒂芬·索莫斯"
"玩命快递3","奥利维尔·米加顿"
"霹雳娇娃","约瑟夫·麦克金提·尼彻"
"斯巴达300勇士","扎克·施奈德"
"精武风云·陈真","刘伟强"
"杀手：代号47","泽维尔·吉恩斯"
"007：大破量子危机","马克·福斯特"
"暴力街区13：终极","帕特里克·亚力桑德罗"
"第一滴血","特德·科特切夫"
"海扁王2","杰夫·瓦德洛"
"功夫梦","哈罗德·兹瓦特"
"突袭2：暴徒","加雷斯·埃文斯"
"青蜂侠","米歇尔·冈瑞"
"奥林匹斯的陷落","安东尼·福奎阿"
"空军一号","沃尔夫冈·彼德森"
"剑鱼行动","多米尼克·塞纳"
"致命黑兰","奥利维尔·米加顿"
"尖峰时刻","布莱特·拉特纳"
"木乃伊","斯蒂芬·索莫斯"
"危情谍战","詹姆斯·曼高德"
"侠探杰克","克里斯托弗·麦奎里"
"怒火救援","托尼·斯科特"
"虎胆龙威3","约翰·麦克蒂尔南"
"全面回忆","伦·怀斯曼"
"国家宝藏：夺宝秘笈","乔·德特杜巴"
"黑夜传说","伦·怀斯曼"
"美少女特攻队","扎克·施奈德"
"独行侠","戈尔·维宾斯基"
"背水一战","金知云"
"极限特工","罗伯·科恩"
"赶尽杀绝","迈克尔·戴维斯"
"夕阳天使","元奎"
"怒火攻心2：高压电","马克·耐沃尔代 "
"怒火攻心2：高压电"," Brian Taylor"
"虎胆龙威2","雷尼·哈林"
"三个火枪手","保罗·安德森"
"木乃伊归来","斯蒂芬·索莫斯"
"古墓丽影2","扬·德·邦特"
"刀锋战士","斯蒂芬·诺林顿"
"危情时速","托尼·斯科特"
"苏乞儿","袁和平"
"尖峰时刻2","布莱特·拉特纳"
"亡命驾驶","尼古拉斯·温丁·雷弗恩"
"夺宝奇兵","史蒂文·斯皮尔伯格"
"木乃伊3","罗伯·科恩"
"家园防线","加里·弗莱德"
"帕克","泰勒·海克福德"
"东京攻略","马楚成"
"灵魂战车","马克·斯蒂文·约翰逊"
"冒险王","程小东"
"致命急件","大卫·凯普"
"中华英雄","刘伟强"
"断箭","吴宇森"
"霹雳娇娃2","约瑟夫·麦克金提·尼彻"
"鹰眼","D·J·卡卢索"
"飞鹰计划","成龙"
"特洛伊","沃尔夫冈·彼德森"
"极速60秒","多米尼克·塞纳"
"刀锋战士2","吉尔莫·德尔·托罗"
"黑夜传说2：进化","伦·怀斯曼"
"给爸爸的信","元奎"
"一触即发","肯尼思·布拉纳"
"300勇士：帝国崛起","诺姆·穆罗"
"第一滴血4","西尔维斯特·史泰龙"
"范海辛","斯蒂芬·索莫斯"
"生化危机4：战神再生","保罗·安德森"
"诸神之战","路易斯·莱特里尔"
"狼牙","李忠志 "
"狼牙"," 吴京"
"尖峰时刻3","布莱特·拉特纳"
"冲出亚马逊","宋业明"
"黑夜传说4：觉醒","曼斯·马林德 "
"黑夜传说4：觉醒"," 比约恩·史坦"
"醉拳","袁和平"
"A计划续集","成龙"
"第一滴血2","乔治 P·科斯马图斯"
"007之择日而亡","李·塔玛霍瑞"
"生化危机3：灭绝","拉塞尔·穆卡希"
"蜂鸟特攻","斯蒂文·奈特"
"三国之见龙卸甲","李仁港"
"夺宝奇兵3","史蒂文·斯皮尔伯格"
"醉拳2","刘家良"
"铁血精英","加里·麦肯德莱"
"灵魂战车2：复仇时刻","马克·耐沃尔代 "
"灵魂战车2：复仇时刻"," 布莱恩·泰勒"
"邻家特工","布莱恩·莱温特"
"刀锋战士3","大卫·S·高耶"
"精英部队","若泽·帕迪里亚"
"神奇燕尾服","凯文·多诺万"
"绝地战警","迈克尔·贝"
"007之黑日危机","迈克尔·艾普特"
"太极侠","基努·里维斯"
"生化危机5：惩罚","保罗·安德森"
"和平饭店","韦家辉"
"极限特工2","李·塔玛霍瑞"
"狂暴飞车","帕特里克·卢西尔"
"007之明日帝国","罗杰·斯波蒂伍德"
"藏身之所","丹尼尔·伊斯皮诺萨"
"全城戒备","陈木胜"
"罪恶之城2","罗伯特·罗德里格兹 "
"罪恶之城2"," 弗兰克·米勒"
"007之黄金眼","马丁·坎贝尔"
"夺宝奇兵4","史蒂文·斯皮尔伯格"
"佐罗传奇","马丁·坎贝尔"
"拳霸","普拉奇亚·平克尧"
"蒸发密令","查克·拉塞尔"
"地狱男爵","吉尔莫·德尔·托罗"
"神奇四侠","蒂姆·斯托瑞"
"亡命天涯","安德鲁·戴维斯"
"警察故事续集","成龙"
"第一滴血3","彼得·麦克唐纳德"
"夺宝奇兵2","史蒂文·斯皮尔伯格"
"游侠","菲利普·G·阿特威尔"
"绝地战警2","迈克尔·贝"
"汉娜","乔·赖特"
"逃出克隆岛","迈克尔·贝"
"快餐车","洪金宝"
"吸血鬼猎人林肯","提莫·贝克曼贝托夫"
"关键第四号","D·J·卡卢索"
"危情三日","保罗·哈吉斯"
"黑侠","李仁港"
"最后的武士","爱德华·兹威克"
"警察故事3：超级警察","唐季礼"
"宇宙追缉令","黄毅瑜"
"夺命枪火","Wayne Kramer"
"宙斯之子：赫拉克勒斯","布莱特·拉特纳"
"超级战舰","彼得·博格"
"三岔口","陈木胜"
"西风烈","高群书"
"孤独的幸存者","彼得·博格"
"双子神偷","江道海"
"黄飞鸿之铁鸡斗蜈蚣","王晶"
"鼠胆龙威","王晶"
"勇者行动","迈克·麦科伊 "
"勇者行动"," 斯科特·沃"
"劫案迷云","西蒙·韦斯特"
"诸神之怒","乔纳森·里贝斯曼"
"刺杀据点","彼得·特拉维斯"
"创：战纪","约瑟夫·科辛斯基"
"上海正午","汤姆·戴伊"
"黄飞鸿之西域雄狮","洪金宝"
"黑夜传说前传：狼族再起","帕特里克·塔特普洛斯"
"东方三侠","杜琪峰"
"白雪公主与猎人","鲁伯特·桑德斯"
"特务迷城","陈德森"
"地狱男爵2：黄金军团","吉尔莫·德尔·托罗"
"叶问前传","邱礼涛"
"曼谷杀手","彭顺 "
"曼谷杀手"," 彭发"
"暂告安全","鲍兹·亚金"
"蝎子王","查克·拉塞尔"
"预见未来","李·塔玛霍瑞"
"冬荫功","普拉奇亚·平克尧"
"玩命追踪","艾略特·莱斯特"
"韩赛尔与格蕾特：女巫猎人","托米·维尔科拉"
"警察故事4：简单任务","唐季礼"
"一线声机","大卫·R·艾里斯"
"叶问：终极一战","邱礼涛"
"在劫难逃","约翰·辛格顿"
"艾利之书","艾尔伯特·休斯 "
"艾利之书"," 艾伦·休斯"
"勇闯16街区","理查德·唐纳"
"佐罗的面具","马丁·坎贝尔"
"铁拳","RZA"
"精武家庭","冯德伦"
"守望者","扎克·施奈德"
"精武门","罗维"
"决战紫禁之巅","刘伟强"
"一个好人","洪金宝"
"洛杉矶之战","乔纳森·里贝斯曼"
"飞鹰","马楚成"
"银行匪帮","John Luessenhop"
"狼犬丹尼","路易斯·莱特里尔"
"防弹武僧","保罗·亨特"
"喋血街头","吴宇森"
"地铁惊魂","托尼·斯科特"
"霹雳火","陈嘉上"
"双龙出手","巴塔萨·科马库"
"大事件","杜琪峰"
"车手","郑保瑞"
"终极斗士Ⅲ：赎罪","Isaac Florentine"
"决战犹马镇","詹姆斯·曼高德"
"超胆侠","马克·斯蒂文·约翰逊"
"墨西哥往事","罗伯特·罗德里格兹"
"六指琴魔","吴勉勤"
"人狼大战","乔·卡纳汉"
"恐怖星球","罗伯特·罗德里格兹"
"打擂台","郭子健 "
"打擂台"," 郑思杰"
"新天龙八部之天山童姥","钱永强"
"飞龙再生","陈嘉上"
"神枪手","林超贤"
"蝙蝠侠","蒂姆·波顿"
"天脉传奇","鲍德熹"
"极速复仇","Phil Joanou"
"破坏者","大卫·阿耶"
"绿巨人浩克","李安"
"惩罚者","Jonathan Hensleigh"
"辣手神探","吴宇森"
"太阳泪","安东尼·福奎阿"
"谎言之躯","雷德利·斯科特"
"力王","蓝乃才"
"神奇四侠2","蒂姆·斯托瑞"
"乱战","托尼·基格里奥"
"龙之吻","克里斯·纳汉"
"反恐特警组","克拉克·约翰森"
"风云2","彭顺 "
"风云2"," 彭发"
"天地英雄","何平"
"杀手之王","董玮"
"特警新人类","陈木胜"
"太空一号","詹姆斯·马瑟 "
"太空一号"," 斯蒂芬·圣·莱杰"
"人生遥控器","弗兰克·克拉斯"
"全民情敌","安迪·坦纳特"
"律政俏佳人","罗伯特·路克蒂克"
"公主日记2","盖瑞·马歇尔"
"憨豆的黄金周","史蒂夫·班德莱克"
"小鬼当家2","克里斯·哥伦布"
"修女也疯狂","埃米利·阿朵里诺"
"伴娘","保罗·费格"
"美国派","克里斯·韦兹 "
"美国派"," 保罗·韦兹"
"好好先生","佩顿·里德"
"憨豆特工","彼得·休伊特"
"憨豆特工2","奥利弗·帕克"
"精灵鼠小弟","罗伯·明可夫"
"加菲猫","皮特·休伊特"
"冒牌家庭","罗森·马歇尔·瑟伯"
"波普先生的企鹅","马克·沃特斯"
"结婚大作战","盖瑞·温尼克"
"保罗","格雷格·莫托拉"
"101真狗","斯蒂芬·赫瑞克"
"恶老板","赛斯·戈登"
"疯狂愚蠢的爱","格伦·费卡拉 "
"疯狂愚蠢的爱"," 约翰·里夸"
"葬礼上的死亡","弗兰克·奥兹"
"宿醉3","托德·菲利普斯"
"超级大坏蛋","汤姆·麦格拉思"
"随波逐流","丹尼斯·杜根"
"最强囍事","陈庆嘉 "
"最强囍事"," 秦小珍"
"预产期","托德·菲利普斯"
"上帝也疯狂2","加美·尤伊斯"
"假结婚","安妮·弗莱彻"
"72家租客","曾志伟 "
"72家租客"," 叶念琛 "
"72家租客"," 钟澍佳"
"录取通知","斯蒂夫·平克"
"拜见岳父大人","杰伊·罗奇"
"天降美食","菲尔·罗德 "
"天降美食"," 克里斯托弗·米勒"
"世界末日","塞斯·罗根 "
"世界末日"," 埃文·戈德堡"
"足球尤物","安迪·菲克曼"
"花田喜事2010","黄百鸣 "
"花田喜事2010"," 邱礼涛"
"大话王","汤姆·沙迪亚克"
"兰戈","戈尔·维宾斯基"
"窈窕绅士","李巨源"
"爱在罗马","伍迪·艾伦"
"的士速递","吉拉尔·皮雷"
"小鬼当家3","拉加·高斯内尔"
"穿靴子的猫","克里斯·米勒"
"贱女孩","马克·沃特斯"
"辣妈辣妹","马克·沃特斯"
"倒霉爱神","唐纳德·佩特瑞"
"世界尽头","埃德加·赖特"
"一个购物狂的自白","P·J·霍根"
"僵尸之地","鲁本·弗雷斯彻"
"决战刹马镇","李蔚然"
"小姐好白","基伦·埃弗瑞·韦恩斯"
"命运呼叫转移","刘仪伟 "
"命运呼叫转移"," 张坚庭 "
"命运呼叫转移"," 孙周 "
"命运呼叫转移"," 林锦和"
"加菲猫2","Tim Hill"
"人间喜剧","陈庆嘉 "
"人间喜剧"," 秦小珍"
"马达加斯加2：逃往非洲","埃里克·达尼尔 "
"马达加斯加2：逃往非洲"," 汤姆·麦格拉思"
"合约情人","张坚庭"
"波拉特","拉里·查尔斯"
"美国派2","詹姆斯·B·罗杰斯"
"惊声尖笑","基伦·埃弗瑞·韦恩斯"
"辛普森一家","大卫·斯沃曼"
"我老公不靠谱","阮世生"
"龙虎少年队","菲尔·罗德 "
"龙虎少年队"," 克里斯托弗·米勒"
"小鸡快跑","Peter Lord "
"小鸡快跑"," 尼克·帕克"
"神奇侠侣","谷德昭"
"妈妈咪呀","菲利达·劳埃德"
"糊涂侦探","彼得·西格尔"
"家有喜事2009","谷德昭"
"洋葱电影","Tom Kuntz "
"洋葱电影"," Mike Maguire"
"十兄弟","李力持"
"两男变错身","大卫·道金"
"捕蝇纸","罗伯·明可夫"
"我爱HK 开心万岁","钟澍佳 "
"我爱HK 开心万岁"," 曾志伟"
"财神客栈","王晶"
"粉红豹","肖恩·利维"
"阿呆与阿瓜","彼得·法拉利 "
"阿呆与阿瓜"," 鲍比·法拉利"
"花田喜事","高志森"
"唐璜","约瑟夫·高登-莱维特"
"的士速递2","热拉尔·克瓦兹克"
"乐高大电影","菲尔·罗德 "
"乐高大电影"," 克里斯托弗·米勒"
"摇滚校园","理查德·林克莱特"
"桃花运","马俪文"
"即日启程","刘江"
"早间主播","罗杰·米歇尔"
"小鬼当街","帕特里克·里德·约翰逊"
"小屁孩日记","Thor Freudenthal"
"整编特工","Robert Luketic"
"憨豆先生的大灾难","梅尔·史密斯"
"蓝精灵","拉加·高斯内尔"
"美丽密令","王晶"
"炮友","威尔·古勒"
"涉外大饭店","约翰·麦登"
"律政俏佳人2","查尔斯·赫曼-温菲尔德"
"欢迎来北方","丹尼·伯恩"
"冒牌天神2","汤姆·沙迪亚克"
"最爱女人购物狂","韦家辉"
"歌舞青春","肯尼·奥特加"
"美国派3：美国婚礼","杰西·迪伦"
"喜马拉亚星","韦家辉"
"赛车总动员","约翰·拉塞特 "
"赛车总动员"," 乔·兰福特"
"野孩子","尼克·摩尔"
"保姆日记","莎里·斯宾厄·伯曼 "
"保姆日记"," 罗伯特·帕西尼"
"爱情无线牵","伊万·雷特曼"
"功夫小蝇","S.S. Rajamouli "
"功夫小蝇"," J.V.V. Sathyanarayana"
"抗癌的我","乔纳森·莱文"
"饭局也疯狂","尚敬"
"怪物史瑞克2","安德鲁·亚当森 "
"怪物史瑞克2"," 凯利·阿斯博瑞 "
"怪物史瑞克2"," 康拉德·弗农"
"微不足道","让-巴普蒂斯特·安德烈"
"嫁个有钱人","谷德昭"
"绝世好Bra","陈庆嘉 "
"绝世好Bra"," 梁柏坚"
"笑林小子2：新乌龙院","朱延平"
"女男变错身","尼克·赫伦"
"拜见岳父大人2","杰伊·罗奇"
"魔法灰姑娘","汤米·奥·哈沃"
"高兴","阿甘"
"龙虎少年队2","菲尔·罗德 "
"龙虎少年队2"," 克里斯托弗·米勒"
"老鼠爱上猫","陈嘉上"
"大电影","阿甘"
"绯闻计划","威尔·古勒"
"神勇奶爸","亚当·山克曼"
"一夜大肚","贾德·阿帕图"
"上帝保佑美国","博卡·格德斯维特"
"情人节","盖瑞·马歇尔"
"27套礼服","安妮·弗莱彻"
"神探飞机头","汤姆·沙迪亚克"
"无敌幸运星","陈友"
"特工争风","约瑟夫·麦克金提·尼彻"
"冥界警局","罗伯特·斯文克"
"百年好合","杜琪峰 "
"百年好合"," 韦家辉"
"偷听女人心","南希·迈耶斯"
"逃狱三王","伊桑·科恩 "
"逃狱三王"," 乔尔·科恩"
"情圣","李力持"
"BJ单身日记2：理性边缘","比班·基德龙"
"长大成人","丹尼斯·杜根"
"白雪公主之魔镜魔镜","塔西姆·辛"
"我盛大的同志婚礼","丹尼斯·杜根"
"龙凤店","钟澍佳"
"的士速递4","热拉尔·克瓦兹克"
"闰年","Anand Tucker"
"尽情游戏","让-皮埃尔·热内"
"豚鼠特攻队","霍伊特·耶特曼"
"黑暗阴影","蒂姆·波顿"
"鼠来宝","蒂姆·希尔"
"热带惊雷","本·斯蒂勒"
"的士速递3","热拉尔·克瓦兹克"
"一条叫旺达的鱼","查尔斯·克瑞奇顿"
"你好，陌生人","班庄·比辛达拿刚"
"坏老师","杰克·卡斯丹"
"飞虎出征","麦咏麟"
"四个婚礼和一个葬礼","迈克·内威尔"
"环游地球八十天","弗兰克·克拉斯"
"双宝斗恶魔","艾利·克雷格"
"新抢钱夫妻","迪恩·帕里索特"
"赛车总动员2","约翰·拉塞特 "
"赛车总动员2"," 布拉德·刘易斯"
"新扎师妹2","马伟豪"
"龙的传人","李修贤"
"女孩梦三十","盖瑞·温尼克"
"特工佳丽","唐纳德·佩特瑞"
"歪小子斯科特对抗全世界","埃德加·赖特"
"别惹佐汉","丹尼斯·杜根"
"马利和我","大卫·弗兰科尔"
"行运一条龙","李力持"
"高楼大劫案","Brett Ratner"
"出水芙蓉","乔治·西德尼"
"漂亮女人","盖瑞·马歇尔"
"邻居大战","尼古拉斯·斯托勒"
"牛仔裤的夏天","肯·卡皮斯"
"猫狗大战","劳伦斯·哥特曼"
"小姐好辣","汤姆·布拉迪"
"私奔B计划","帕斯卡尔·舒梅"
"甜蜜杀机","连奕琦"
"大学新生","乔·努斯鲍姆"
"完美音调","杰森·摩尔"
"摩登年代","邵晓黎"
"有希望的男人","伊力·维伊德雷克"
"春田花花同学会","赵良骏"
"一个头两个大","鲍比·法拉利 "
"一个头两个大"," 彼得·法拉利"
"摇摆de婚约","鄢颇 "
"摇摆de婚约"," 肖蔚鸿"
"热情如火","比利·怀德"
"咖喱辣椒","柯受良"
"倔强萝卜","田蒙"
"相思成灾","阿莱克·凯西西恩"
"幸运查克","马克·海尔弗里奇"
"怪物史瑞克4","迈克·米歇尔"
"狂野目标","乔纳森·林恩"
"心急吃不了热豆腐","冯巩"
"惊声尖笑4","大卫·扎克"
"穿越大吉岭","韦斯·安德森"
"魔法保姆麦克菲","柯克·琼斯"
"八星抱喜","陈庆嘉 "
"八星抱喜"," 秦小珍"
"情敌复仇战","尼克·卡索维茨"
"我最好朋友的婚礼","P·J·霍根"
"太坏了","格雷格·莫托拉"
"巴黎宝贝","王菁"
"百星酒店","谷德昭"
"没事偷着乐","杨亚洲"
"惊声尖笑2","基伦·埃弗瑞·韦恩斯"
"千杯不醉","尔冬升"
"天才一族","韦斯·安德森"
"阅后即焚","伊桑·科恩 "
"阅后即焚"," 乔尔·科恩"
"我们所知道的生活","格里格·伯兰蒂"
"精灵鼠小弟2","罗伯·明可夫"
"我为玛丽狂","鲍比·法拉利 "
"我为玛丽狂"," 彼得·法拉利"
"四十岁的老处男","贾德·阿帕图"
"约会之夜","肖恩·利维"
"我老婆未满十八岁","阮世生"
"有关时间旅行的热门问题","嘉瑞斯·贾里维克"
"骗中骗","乔治·罗伊·希尔"
"怪物史瑞克3","克里斯·米勒 "
"怪物史瑞克3"," 许诚毅"
"辣手警花","保罗·费格"
"开心鬼","高志森"
"独家新闻","伍迪·艾伦"
"单亲度假村","弗兰克·克拉斯"
"新精武门1991","左颂升"
"捕鼠记","戈尔·维宾斯基"
"谋杀绿脚趾","乔尔·科恩 "
"谋杀绿脚趾"," 伊桑·科恩"
"拜见岳父大人3","保罗·韦兹"
"床伴逐个数","Mark Mylod"
"美国派(番外篇)5：裸奔","乔·努斯鲍姆"
"保持缄默","Niall Johnson"
"天降美食2","科迪·卡梅伦 "
"天降美食2"," 克里斯·皮尔恩"
"惊声尖笑3","大卫·扎克"
"小屁孩日记2","大卫·博维斯"
"疯狂店员","凯文·史密斯"
"行运超人","谷德昭"
"奇幻人生","马克·福斯特"
"蕾蒙娜和姐姐","伊丽莎白·艾伦"
"你逃我也逃","恩斯特·刘别谦"
"阿黛拉的非凡冒险","吕克·贝松"
"恋上你的床","陈庆嘉 "
"恋上你的床"," 梁柏坚"
"巨蟒与圣杯","特瑞·吉列姆 "
"巨蟒与圣杯"," 特瑞·琼斯"
"电子情书","诺拉·艾芙隆"
"热浴盆时光机","斯蒂夫·平克"
"绝世宝贝","梁柏坚 "
"绝世宝贝"," 陈庆嘉"
"亚当斯一家","巴里·索南菲尔德"
"汉娜·蒙塔娜：电影版","彼德·切尔瑟姆"
"我配不上她","吉姆·费尔德·史密斯"
"熊猫大侠","王岳伦"
"美人鱼","伊丽莎白·艾伦"
"空中大灌篮","乔·皮特卡"
"淘金记","查理·卓别林"
"唐伯虎点秋香2之四大才子","李力持"
"亲爱的，我把孩子缩小了","乔·庄斯顿"
"青春爱欲吻","顾伦德·查达哈"
"如何众叛亲离","罗伯特·B·维德"
"魔力麦克","史蒂文·索德伯格"
"非常父女档","艾赫尼奥·德伯兹"
"充气娃娃之恋","克雷格·吉勒斯佩"
"K歌情人","马克·劳伦斯"
"通灵男孩诺曼","克里斯·巴特勒 "
"通灵男孩诺曼"," 山姆·菲尔"
"说来有点可笑","安娜·波顿 "
"说来有点可笑"," 瑞安·弗雷克"
"刀见笑","乌尔善"
"面子","伍思薇"
"隋朝来客","庄宇新"
"天使之城","布拉德·塞伯宁"
"金刚","彼得·杰克逊"
"暮光之城3：月食","大卫·斯雷德"
"爱再来一次","吉尔·约格尔"
"分手信","莱塞·霍尔斯道姆"
"给朱丽叶的信","盖瑞·温尼克"
"触不到的恋人","亚利桑德罗·阿奎斯提"
"想爱就爱","萨拉萨瓦蒂·翁索姆佩奇"
"蓝色情人节","德里克·斯安弗朗斯"
"浓情巧克力","莱塞·霍尔斯道姆"
"逆世界","朱安·索兰纳"
"暮光之城4：破晓(上)","比尔·康顿"
"超市夜未眠","西恩·埃利斯"
"惊情四百年","弗朗西斯·福特·科波拉"
"红磨坊","巴兹·鲁赫曼"
"云中漫步","阿方索·阿雷奥"
"美食、祈祷和恋爱","瑞恩·墨菲"
"芳芳","亚历山大·雅丁"
"莎翁情史","约翰·麦登"
"纽约，我爱你","法提赫·阿金 "
"纽约，我爱你"," 伊万·阿达勒 "
"纽约，我爱你"," Randall Balsmeyer "
"纽约，我爱你"," 艾伦·休斯 "
"纽约，我爱你"," 岩井俊二 "
"纽约，我爱你"," 姜文 "
"纽约，我爱你"," 谢加·凯普尔 "
"纽约，我爱你"," Joshua Marston "
"纽约，我爱你"," 米拉·奈尔 "
"纽约，我爱你"," 娜塔莉·波特曼 "
"纽约，我爱你"," 布莱特·拉特纳"
"初三大四我爱你","Haeman Chatemee"
"暮光之城4：破晓(下)","比尔·康顿"
"缘分天注定","彼德·切尔瑟姆"
"分手说爱你","黄真真"
"穿越时空爱上你","詹姆斯·曼高德"
"保镖","米克·杰克逊"
"欲望都市","迈克尔·帕特里克·金"
"走出非洲","西德尼·波拉克"
"下一站，说爱你","Adisorn Trisirikasem"
"安娜·卡列尼娜","乔·赖特"
"星尘","马修·沃恩"
"漫长的婚约","让-皮埃尔·热内"
"初恋红豆冰","阿牛"
"罗密欧与朱丽叶","巴兹·鲁赫曼"
"记住我","Allen Coulter"
"别让我走","马克·罗曼尼克"
"魔法奇缘","凯文·利玛"
"一夜迷情","梅西·塔吉丁"
"爱情三选一","亚当·布鲁克斯"
"恋恋书中人","乔纳森·戴顿 "
"恋恋书中人"," 维莱莉·法瑞斯"
"伊丽莎白镇","卡梅伦·克罗"
"美味情缘","斯科特·希克斯"
"真爱之吻","马克·帕兰斯基"
"相见恨早","奈吉·柯尔"
"倾城之泪","黄真真"
"布拉格之恋","菲利普·考夫曼"
"简爱","凯瑞·福永"
"第六感生死缘","马丁·布莱斯"
"我爱你莫里斯","格伦·费卡拉 "
"我爱你莫里斯"," 约翰·里夸"
"两小无猜","瓦里丝·侯赛因"
"生日快乐","马楚成"
"亲密敌人","徐静蕾"
"艺伎回忆录","罗伯·马歇尔"
"时光倒流七十年","吉诺特·兹瓦克"
"隐婚男女","叶念琛"
"明亮的星","简·坎皮恩"
"游龙戏凤","刘伟强"
"看得见风景的房间","詹姆斯·伊沃里"
"原罪","迈克尔·克里斯托弗"
"纯真年代","马丁·斯科塞斯"
"亚当","Max Mayer"
"誓约","迈克尔·苏克西"
"云上的日子","米开朗基罗·安东尼奥尼 "
"云上的日子"," 维姆·文德斯"
"夏日乐悠悠","马楚成"
"爱出色","陈奕利"
"爱疯了","德雷克·多雷穆斯"
"早熟","尔冬升"
"舞出我人生","安妮·弗莱彻"
"西伯利亚的理发师","尼基塔·米哈尔科夫"
"窈窕淑女","乔治·库克"
"蓝白红三部曲之白","克日什托夫·基耶斯洛夫斯基"
"澳洲乱世情","巴兹·鲁赫曼"
"托斯卡纳艳阳下","奥黛丽·威尔斯"
"姐弟恋","巴特·弗伦德里希"
"我的最爱","叶念琛"
"芭啦芭啦樱之花","马楚成"
"梁祝","徐克"
"倾国之恋","麦当娜"
"爱的发声练习","李鼎"
"霍乱时期的爱情","迈克·内威尔"
"十分爱","叶念琛"
"我恨你的十件事","吉尔·约格尔"
"开往春天的地铁","张一白"
"灰姑娘的故事","Mark Rosman"
"龙凤斗","杜琪峰"
"夜半歌声","于仁泰"
"甜心先生","卡梅伦·克罗"
"新桥恋人","莱奥·卡拉克斯"
"欲盖弄潮","乔纳·马科维茨"
"恋人絮语","曾国祥 "
"恋人絮语"," 尹志文"
"洛丽塔","斯坦利·库布里克"
"一夜风流","弗兰克·卡普拉"
"命运规划局","乔治·诺非"
"地下铁","马伟豪"
"居家男人","布莱特·拉特纳"
"欲望都市2","Michael Patrick King"
"恋爱地图","下山天 "
"恋爱地图"," 易智言 "
"恋爱地图"," 张一白"
"丑陋的真相","罗伯特·路克蒂克"
"天使的性","Xavier Villaverde"
"远距离爱情","纳内特·波斯特恩"
"寂寞芳心","查恩·厄尔马克"
"十日拍拖手册","唐纳德·佩特瑞"
"爱情麻辣烫","张扬"
"孤男寡女","杜琪峰 "
"孤男寡女"," 韦家辉"
"独家试爱","叶念琛"
"苦月亮","罗曼·波兰斯基"
"天生爱情狂","叶念琛"
"完美嫁衣","黄真真"
"爱，简单","丹尼尔·里贝罗"
"心之全蚀","阿格涅丝卡·霍兰"
"天若有情","陈木胜"
"魔力月光","伍迪·艾伦"
"魔术师","尼尔·博格"
"二见钟情","乔·德特杜巴"
"美女与野兽","克里斯多夫·甘斯"
"我左眼见到鬼","杜琪峰 "
"我左眼见到鬼"," 韦家辉"
"真爱无价","皮埃尔·沙尔瓦多利"
"熟男，我爱你","费德瑞克·莫恰"
"莫里斯","詹姆斯·伊沃里"
"茜茜公主2","恩斯特·马利斯卡"
"曼哈顿女佣","王颖"
"落跑新娘","盖瑞·马歇尔"
"双食记","赵天宇"
"开罗时间","鲁巴·纳达"
"家庭作业","加文·维森"
"生人勿进","托马斯·阿尔弗莱德森"
"安娜·卡列尼娜","伯纳德·罗斯"
"壮志凌云","托尼·斯科特"
"爱情的牙齿","庄宇新"
"只要在一起","克劳德·贝里"
"离开拉斯维加斯","迈克·菲吉斯"
"想爱就爱2","萨拉萨瓦蒂·翁索姆佩奇"
"夏天协奏曲","黄朝亮"
"爱神","花明"
"回到爱开始的地方","林孝谦"
"初恋的回忆","亚当·山克曼"
"四角关系","欧·帕克"
"20 30 40","张艾嘉"
"古今大战秦俑情","程小东"
"谜情公寓","保罗·麦奎根"
"大城小事","叶伟信"
"我爱你","张元"
"一场风花雪月的事","高群书"
"心火","威廉姆·尼克尔森"
"很想和你在一起","江玉仪 "
"很想和你在一起"," 钟炜钊"
"情人结","霍建起"
"祖与占","弗朗索瓦·特吕弗"
"罗马情缘","马克·斯蒂文·约翰逊"
"恋爱恐慌症","龙毅"
"伤心童话","徐正超"
"红河谷","冯小宁"
"恋爱前规则","蒋钦民"
"剩女也疯狂","艾伦·保尔"
"茉莉花开","侯咏"
"水牛城66","文森特·加洛"
"我爱的是你爱我","马志宇"
"卡萨诺瓦","莱塞·霍尔斯道姆"
"与女人们的对话","汉斯·卡诺萨"
"再说一次我爱你","余伟国 "
"再说一次我爱你"," 李公乐"
"爱你九周半","阿德里安·莱恩"
"小红帽","凯瑟琳·哈德威克"
"人鱼传说","罗文"
"露西亚的情人","胡里奥·密谭"
"男孩别哭","金伯莉·皮尔斯"
"渺渺","程孝泽"
"爱久弥新","翁乙"
"周末时光","安德鲁·海格"
"高海拔之恋Ⅱ","杜琪峰"
"爱很复杂","南希·迈耶斯"
"爱情故事","阿瑟·希勒"
"广岛之恋","阿伦·雷乃"
"茜茜公主3","恩斯特·马利斯卡"
"玛戈王后","帕特里斯·夏侯"
"变身男女","李旗"
"小美人鱼","罗恩·克莱蒙兹 "
"小美人鱼"," 约翰·马斯克"
"另一个波琳家的女孩","贾斯汀·查德维克"
"青木瓜之味","陈英雄"
"前目的地","迈克尔·斯派瑞 "
"前目的地"," 彼得·斯派瑞"
"神秘代码","亚历克斯·普罗亚斯"
"侏罗纪公园2：失落的世界","史蒂文·斯皮尔伯格"
"星河战队","保罗·范霍文"
"异形2","詹姆斯·卡梅隆"
"重返地球","M·奈特·沙马兰"
"移魂都市","亚历克斯·普罗亚斯"
"异星战场","安德鲁·斯坦顿"
"机器人9号","申·阿克"
"侏罗纪公园3","乔·庄斯顿"
"地心历险记2：神秘岛","布拉德·佩顿"
"星球大战前传2：克隆人的进攻","乔治·卢卡斯"
"回到未来2","罗伯特·泽米吉斯"
"绿灯侠","马丁·坎贝尔"
"未来水世界","凯文·雷诺兹"
"世界之战","史蒂文·斯皮尔伯格"
"钢铁苍穹","季莫·沃伦索拉"
"星球大战3：绝地归来","理查德·马昆德"
"异形4","让-皮埃尔·热内"
"人兽杂交","文森佐·纳塔利"
"世界末日","迈克尔·贝"
"哥斯拉","罗兰·艾默里奇"
"异形3","大卫·芬奇"
"人类之子","阿方索·卡隆"
"地心历险记","埃里克·布雷维格"
"科洛弗档案","马特·里夫斯"
"超人归来","布莱恩·辛格"
"回到未来3","罗伯特·泽米吉斯"
"时空线索","托尼·斯科特"
"深空失忆","克里斯蒂安·阿瓦特"
"心灵传输者","道格·里曼"
"超能失控","乔什·特兰克"
"异形大战铁血战士","保罗·安德森"
"透明人","保罗·范霍文"
"心慌方2：超立方体","安德列·塞库拉"
"决战猩球","蒂姆·波顿"
"超级八","J·J·艾布拉姆斯"
"未来战警","乔纳森·莫斯托"
"记忆裂痕","吴宇森"
"蝴蝶效应2","约翰·R·莱昂耐迪"
"地球停转之日","斯科特·德瑞克森"
"撕裂的末日","科特·维莫"
"天际浩劫","科林·施特劳斯 "
"天际浩劫"," 格雷格·施特劳斯"
"心慌方·零","厄尼·巴巴拉什"
"黑客帝国动画版","钟彼得 "
"黑客帝国动画版"," Andy Jones "
"黑客帝国动画版"," 川尻善昭 "
"黑客帝国动画版"," 小池健 "
"黑客帝国动画版"," 前田真宏 "
"黑客帝国动画版"," 森本晃司 "
"黑客帝国动画版"," 渡边信一郎"
"皮囊之下","乔纳森·格雷泽"
"冲出宁静号","乔斯·韦登"
"第六日","罗杰·斯波蒂伍德"
"蝴蝶效应3：启示","塞斯·格罗斯曼"
"火星人玩转地球","蒂姆·波顿"
"特警判官","彼得·特拉维斯"
"死亡幻觉","理查德·凯利"
"入侵脑细胞","塔西姆·辛"
"机器战警","保罗·范霍文"
"深渊","詹姆斯·卡梅隆"
"异能","保罗·麦奎根"
"星际传奇3","大卫·杜西"
"科学怪狗","蒂姆·波顿"
"人猿星球","富兰克林·沙夫纳"
"星际传奇","大卫·杜西"
"重生男人","Miguel Sapochnik"
"变蝇人","大卫·柯南伯格"
"全面回忆","保罗·范霍文"
"绝密飞行","罗伯·科恩"
"嗜血破晓","迈克尔·斯派瑞 "
"嗜血破晓"," 彼得·斯派瑞"
"极度深寒","斯蒂芬·索莫斯"
"天地大冲撞","咪咪·莱德"
"大都会","弗里茨·朗"
"火星任务","布莱恩·德·帕尔玛"
"异形大战铁血战士2","科林·施特劳斯 "
"异形大战铁血战士2"," 格雷格·施特劳斯"
"机器侠","刘镇伟"
"地心抢险记","乔恩·阿米尔"
"星际传奇2","大卫·杜西"
"惊变28天","丹尼·博伊尔"
"另一个地球","迈克·卡希尔"
"时间机器","西蒙·威尔斯"
"新铁血战士","尼莫洛德·安塔尔"
"铁血战士","约翰·麦克蒂尔南"
"太阳浩劫","丹尼·博伊尔"
"宝莱坞机器人之恋","S·尚卡尔"
"卫斯理之蓝血人","刘伟强"
"忧郁症","拉斯·冯·提尔"
"牛仔和外星人","乔恩·费儒"
"微光城市","吉尔·克兰"
"阿童木","大卫·博维斯"
"宿主","安德鲁·尼科尔"
"天地逃生","马克·耐沃尔代 "
"天地逃生"," 布莱恩·泰勒"
"欧罗巴报告","塞巴斯特·柯代洛"
"妙想天开","特瑞·吉列姆"
"怪形","约翰·卡朋特"
"屠魔战士","斯图尔特·贝亚蒂耶"
"蝙蝠侠与罗宾","乔·舒马赫"
"兵人","保罗·安德森"
"怪形前传","Matthijs van Heijningen Jr."
"霹雳贝贝","翁路明 "
"霹雳贝贝"," 宋崇"
"霹雳五号","约翰·班德汉姆"
"黑洞表面","保罗·安德森"
"驱魔者","Scott Charles Stewart"
"天兆","M·奈特·沙马兰"
"人类清除计划","詹姆斯·德莫纳克"
"第三类接触","史蒂文·斯皮尔伯格"
"星际旅行1：无限太空","罗伯特·怀斯"
"星际之门","罗兰·艾默里奇"
"天降奇兵","斯蒂芬·诺林顿"
"感官游戏","大卫·柯南伯格"
"太空飞行棋","乔恩·费儒"
"第四类接触","奥拉顿德·奥逊山米"
"致命拜访","奥利弗·西斯贝格 "
"致命拜访"," 詹姆斯·麦克特格"
"隔绝","泽维尔·吉恩斯"
"机器人与弗兰克","杰克·施莱尔"
"异种","罗杰·唐纳森"
"紫外线","科特·维莫"
"进化危机","伊万·雷特曼"
"2010","彼得·海姆斯"
"记忆提取","尼尔·帕尼瑞"
"星河战队3：掠夺者","Edward Neumeier"
"钢铁巨人","布拉德·伯德"
"科学怪人","肯尼思·布拉纳"
"原始星球","阿内·拉鲁"
"超人","理查德·唐纳"
"西蒙妮","安德鲁·尼科尔"
"魔力女战士","卡瑞恩·库萨马"
"大战外星人","罗伯·莱特曼 "
"大战外星人"," 康拉德·弗农"
"星际旅行2：可汗怒吼","尼古拉斯·梅耶"
"时空罪恶","那奇欧·维加隆多"
"天空上尉与明日世界","克里·孔兰"
"飞向太空","安德烈·塔科夫斯基"
"天外来菌","迈克尔·塞洛蒙"
"太空运输","Ivan Engler"
"死亡密码","达伦·阿伦诺夫斯基"
"末日侵袭","尼尔·马歇尔"
"第十三层","Chris Roache"
"灭顶之灾","M·奈特·沙马兰"
"至暗之时","Chris Gorak"
"毁灭战士","Andrzej Bartkowiak"
"透明人2","Claudio Fäh"
"未来学大会","阿里·福尔曼"
"零点定理","特瑞·吉列姆"
"信号","威廉·尤班克"
"潜行者","安德烈·塔科夫斯基"
"铁血战士2","斯蒂芬·霍普金斯"
"深海圆疑","巴瑞·莱文森"
"街区大作战","乔·考尼什"
"疯狂的兔子","崔小芹 "
"疯狂的兔子"," 孟卫兵"
"机器战警2","厄文·克什纳"
"星河战队：入侵","荒牧伸志(Shinji Aramaki)"
"星河战队2：联邦英雄","Phil Tippett"
"闪电奇迹","维克多·萨尔瓦"
"电子世界争霸战","史蒂文·利斯伯吉尔"
"魔鬼山历险记","安迪·菲克曼"
"黑暗扫描仪","理查德·林克莱特"
"最终幻想","坂口博信 "
"最终幻想"," Moto Sakakibara"
"星际旅行4：抢救未来","伦纳德·尼莫伊"
"童梦失魂夜","马克·卡罗 "
"童梦失魂夜"," 让-皮埃尔·热内"
"怪兽","加里斯·爱德华斯"
"复制娇妻","弗兰克·奥兹"
"魔兽战场","霍华德·麦凯恩"
"时间裂缝","Tom Holland"
"一九八四","迈克尔·莱德福"
"泰若星球","Aristomenis Tsirbas"
"星际旅行10：复仇女神","斯图尔特·贝尔德"
"X档案：征服未来","罗伯·鲍曼"
"500年后","乔治·卢卡斯"
"生死新纪元","马修·卡索维茨"
"星际旅行3：石破天惊","伦纳德·尼莫伊"
"特警判官","Danny Cannon"
"飙风战警","巴里·索南菲尔德"
"星际旅行8：第一类接触","乔纳森·弗雷克斯"
"伊娃","凯克·麦罗"
"传染病","史蒂文·索德伯格"
"机器战警3","弗莱德·戴克尔"
"正义联盟：闪点悖论","杰伊·欧力瓦"
"2077日本锁国","曾利文彦"
"阿波罗18号","冈扎罗·洛佩兹-加勒果"
"惊爆银河系","迪恩·帕里索特"
"51号星球","Jorge Blanco"
"星球大战：克隆战争","Dave Filoni"
"黑暗天际","斯科特·查尔斯·斯图瓦特"
"地下理想国","Tarik Saleh"
"星际旅行6：未来之城","尼古拉斯·梅耶"
"X档案：我要相信","克里斯·卡特"
"亚特兰蒂斯：失落的帝国","加里·特洛斯达勒 "
"亚特兰蒂斯：失落的帝国"," 柯克·维斯"
"大气层消失","冯小宁"
"星际旅行5：终极先锋","威廉·夏特纳"
"黑色闪电","Dmitriy Kiselev "
"黑色闪电"," Aleksandr Voytinskiy"
"变异编年史","西蒙·亨特"
"深海狂鲨","雷尼·哈林"
"重返中世纪","理查德·唐纳"
"太空异种","Rand Ravich"
"拜见罗宾逊一家","Stephen J. Anderson"
"末日哲学家","约翰·赫德斯"
"火龙帝国","罗伯·鲍曼"
"超人高校","迈克·米歇尔"
"阿尔法城","让-吕克·戈达尔"
"星际旅行7：斗转星移","David Carson"
"灵幻夹克","约翰·梅布里"
"机械危情","Caradog W. James"
"星际旅行9：起义","乔纳森·弗雷克斯"
"神秘博士：火星之水","Graeme Harper"
"极度恐慌","沃尔夫冈·彼德森"
"寂静的地球","Geoff Murphy"
"犹大之吻","J.T 泰普诺巴"
"红色星球","Antony Hoffman"
"幻世追踪","布莱恩·A·米勒"
"楼上的外星人","John Schultz"
"捕梦网","劳伦斯·卡斯丹"
"变种DNA","吉尔莫·德尔·托罗"
"邮差","凯文·科斯特纳"
"安全没有保障","科林·特雷沃罗"
"非常小特务2","罗伯特·罗德里格兹"
"解冻","Mark A. Lewis"
"地球停转之日","罗伯特·怀斯"
"超人2","理查德·唐纳 "
"超人2"," 理查德·莱斯特"
"阿瓦隆","押井守"
"失落的大陆","布拉德·塞伯宁"
"刀走偏锋","文森佐·纳塔利"
"异种 3","Brad Turner"
"越空狂龙","Marco Brambilla"
"非常小特务3","罗伯特·罗德里格兹"
"诸神混乱之女神陷阱","Enki Bilal"
"冒名顶替","加里·弗莱德"
"霹雳五号续集","Kenneth Johnson"
"宇宙战舰大和号","山崎貴"
"逃离猩球","Don Taylor"
"末世殖民地","杰夫·兰弗洛"
"撕裂人","詹姆斯·古恩"
"珍爱泉源","达伦·阿伦诺夫斯基"
"非常小特务","罗伯特·罗德里格兹"
"金刚","梅里安·C·库珀 "
"金刚"," 欧尼斯特·B· 舍德萨克"
"死亡空间：坍塌","Chuck Patton"
"睡眠经销商","Alex Rivera"
"太空堡垒卡拉狄加：利刃","菲利克斯·因瑞奎兹·阿卡拉"
"领航员","兰德尔·克莱泽"
"科学怪人","詹姆士·威尔"
"飞向太空2002","史蒂文·索德伯格"
"异种4","Nick Lyon"
"我的超级前女友","伊万·雷特曼"
"海底两万里","罗德·哈迪"
"失陷猩球","泰德·珀斯特"
"极度空间","约翰·卡朋特"
"末世纪暴潮","凯瑟琳·毕格罗"
"虫洞效应","罗伯特·沙耶"
"逆流的色彩","什恩·卡鲁斯"
"沙丘","大卫·林奇"
"关公大战外星人","陈洪民"
"20世纪少年","堤幸彦"
"迷失太空","斯蒂芬·霍普金斯"
"再造战士","罗兰·艾默里奇"
"雷管","Shane Carruth"
"决战猩球","J·李·汤普森"
"墨水","Jamin Winans"
"死亡幻觉2","Chris Fisher"
"神童","Antoine Charreyron"
"超能游戏者","保罗·萨纳耶夫"
"钢铁侠：噬甲危机","浜崎博嗣"
"戴夫号飞船","布莱恩·罗宾斯"
"费城实验","斯图尔特·罗菲尔"
"八脚怪","埃洛瑞·埃卡伊姆"
"变蝇人","库特·纽曼"
"老师不是人","罗伯特·罗德里格兹"
"飞出个未来大电影1：班德大行动","Dwayne Carey-Hill"
"睁开你的双眼","亚历杭德罗·阿梅纳瓦尔"
"禁忌星球","弗雷德·威尔科克斯"
"天外来客","尼古拉斯·罗伊格"
"新邻里联防","阿吉瓦·沙弗尔"
"末日浩劫","大卫·帕斯特尔 "
"末日浩劫"," 亚历克斯·帕斯特尔"
"火星上的最后时日","卢埃里·罗宾森"
"天袭","大卫·杜西"
"死亡空间：余波","Mike Disa"
"卫斯理传奇","泰迪·罗宾"
"猩球征服","J·李·汤普森"
"捉鬼敢死队","伊万·雷特曼"
"蠢蛋进化论","迈克·乔吉"
"正义联盟：两个地球的危机","Sam Liu "
"正义联盟：两个地球的危机"," 劳伦·蒙哥马利"
"非常小特工之时间大盗","罗伯特·罗德里格兹"
"地球回音","戴夫·格林"
"变蝇人2","Chris Walas"
"时空悍将","Brett Leonard"
"光晕：传奇","荒牧伸志 "
"光晕：传奇"," Frank O'Connor "
"光晕：传奇"," 押井守 "
"光晕：传奇"," 二村秀树 "
"光晕：传奇"," 真下耕一"
"超人集中营","Peter Hewitt"
"人烟之岛","费奥多尔·邦达尔丘克"
"黑星球","约翰·卡朋特"
"华氏451度","弗朗索瓦·特吕弗"
"正义联盟：战争","杰伊·欧力瓦"
"疯狂的麦克斯2","乔治·米勒"
"异形终结","克里斯丁·杜瓦"
"女超人","吉诺特·兹瓦克"
"爱的就是你","查理·麦克道威尔"
"环游世界八十天","巴兹·库里克"
"超人3","理查德·莱斯特"
"绿灯侠：首次飞行","劳伦·蒙哥马利"
"星际之门：时空连续","Martin Wood"
"捍卫机密","Robert Longo"
"神奇旅程","理查德·弗莱彻"
"疯狂的麦克斯","乔治·米勒"
"太空英雌芭芭丽娜","罗杰·瓦迪姆"
"超世纪战神","安布哈雅·辛哈"
"量子启示录","Justin Jones"
"一声惊雷","彼得·海姆斯"
"西部世界","迈克尔·克莱顿"
"亲爱的，我把孩子放大了","兰德尔·克莱泽"
"超级英雄","克雷格·麦辛"
"绿灯侠：翡翠骑士","Chris Berkeley "
"绿灯侠：翡翠骑士"," Lauren Montgomery "
"绿灯侠：翡翠骑士"," Jay Oliva"
"科学怪人的新娘","詹姆士·威尔"
"机器人情缘","秋山贵彦"
"毒吻","陈兴中"
"八面埋伏","雷尼·哈林"
"机械师","布拉德·安德森"
"本能","保罗·范霍文"
"生死停留","马克·福斯特"
"天使与魔鬼","朗·霍华德"
"终极面试","斯图尔特·哈泽尔丁"
"影子写手","罗曼·波兰斯基"
"致命伴旅","弗洛里安·亨克尔·冯·多纳斯马"
"捉迷藏","约翰·波尔森"
"斯托克","朴赞郁"
"神秘拼图","菲利普·诺伊斯"
"不明身份","佐米·希尔拉"
"神秘河","克林特·伊斯特伍德"
"西北偏北","阿尔弗雷德·希区柯克"
"迷魂记","阿尔弗雷德·希区柯克"
"龙纹身的女孩","涅尔斯·阿登·欧普勒夫"
"孤堡惊情","胡安·安东尼奥·巴亚纳"
"尼罗河上的惨案","约翰·吉勒明"
"蝴蝶梦","阿尔弗雷德·希区柯克"
"秘窗","大卫·凯普"
"大追捕","周显扬"
"东方快车谋杀案","西德尼·吕美特"
"玩命记忆","西蒙·布兰德"
"豺狼计划","Jeff Wadlow"
"破绽","格里高利·霍布里特"
"香草的天空","卡梅伦·克罗"
"黑色大丽花","布莱恩·德·帕尔玛"
"电梯里的恶魔","John Erick Dowdle"
"第九道门","罗曼·波兰斯基"
"八美图","弗朗索瓦·欧容"
"电话谋杀案","阿尔弗雷德·希区柯克"
"宿敌","丹尼斯·维伦纽瓦"
"爱德华大夫","阿尔弗雷德·希区柯克"
"失眠症","克里斯托弗·诺兰"
"空中危机","罗伯特·斯文克"
"深度谜案","阿莱克斯·德拉·伊格莱希亚"
"来自地狱","艾尔伯特·休斯 "
"来自地狱"," 艾伦·休斯"
"唐人街","罗曼·波兰斯基"
"在我入睡前","罗温·乔夫"
"B+侦探","彭顺"
"战略特勤组","格雷格·乔丹"
"无声言证","Anthony Waller"
"乘客","罗德里格·加西亚"
"死神来了5","史蒂文·奎里"
"密室之不可靠岸","张番番"
"C+侦探","彭顺"
"极限空间","路易斯·佩德拉希塔 "
"极限空间"," 罗德里格·索佩纳"
"当你熟睡","豪梅·巴拿盖鲁"
"卢浮魅影","让-保尔·萨罗米"
"乌鸦","詹姆斯·麦克特格"
"东方快车谋杀案","菲利普·马丁"
"妖夜慌踪","大卫·林奇"
"好奇害死猫","张一白"
"高度怀疑","彼得·海姆斯"
"88分钟","乔恩·阿维奈"
"夺命手术","Joby Harold"
"完美逃亡","大卫·杜西"
"女蛹","邱处机"
"无懈可击","马克·佩灵顿"
"失踪宝贝","本·阿弗莱克"
"最佳嫌疑人","张承"
"群鸟","阿尔弗雷德·希区柯克"
"八毫米","乔·舒马赫"
"夺魂索","阿尔弗雷德·希区柯克"
"后窗惊魂","D·J·卡卢索"
"完美陌生人","詹姆斯·弗雷"
"不朽的园丁","费尔南多·梅里尔斯"
"机动杀人","D·J·卡卢索"
"灵数23","乔·舒马赫"
"高斯福庄园","罗伯特·奥特曼"
"第三人","卡罗尔·里德"
"刺杀肯尼迪","奥利佛·斯通"
"守望者：罪恶迷途","非行"
"足迹","肯尼思·布拉纳"
"三十九级台阶","阿尔弗雷德·希区柯克"
"暗流","马修·卡索维茨"
"本能2","迈克尔·卡顿-琼斯"
"不请自来","Charles Guard "
"不请自来"," Thomas Guard"
"同谋","彭顺"
"密室之不可告人","张番番"
"断头谷","蒂姆·波顿"
"白丝带","迈克尔·哈内克"
"寂静岭","克里斯多夫·甘斯"
"匿名者","罗兰·艾默里奇"
"雾气蒙蒙","罗兰·苏素·里希特"
"阁楼","艾瑞克·范·洛依"
"生命之旅","Agnieszka Wojtowicz-Vosloo"
"九人禁闭室","Steven R. Monroe"
"再生门","安诺·绍尔"
"致命切割","Kongkiat Khomsiri"
"不要回头","玛丽娜·德·范"
"火车怪客","阿尔弗雷德·希区柯克"
"情谜","黎妙雪"
"夺命手机","格雷格·马克斯"
"阳光下的罪恶","盖伊·汉弥尔顿"
"大开眼戒","斯坦利·库布里克"
"玩尽杀绝","约翰·麦克诺顿"
"国家要案","凯文·麦克唐纳"
"神秘村","M·奈特·沙马兰"
"地狱医院","布拉德·安德森"
"梦宅诡影","吉姆·谢里丹"
"全城通缉","汪涛"
"黑暗乡村","托马斯·简"
"罪与罚","周显扬"
"老男孩","斯派克·李"
"13骇人游戏","楚克‧萨克瑞科"
"夺命追踪","埃托尔·达利亚"
"九死","Chris Shadley"
"不死劫","M·奈特·沙马兰"
"所有美好的东西","Andrew Jarecki"
"怪宴","罗伯特·摩尔"
"翻译风波","西德尼·波拉克"
"预言","Mennan Yapo"
"巴顿·芬克","乔尔·科恩 "
"巴顿·芬克"," 伊桑·科恩"
"恶魔","亨利-乔治·克鲁佐"
"不可告人","吉约姆·卡内"
"寂静岭2","迈克尔·巴塞特"
"鬼打墙","Jack Heller"
"旧日噩梦","Norbert Caoili "
"旧日噩梦"," Rob Portmann"
"死亡论文","亚历杭德罗·阿梅纳瓦尔"
"觉醒","尼克·墨菲"
"温柔地杀我","陈凯歌"
"青魇","邱礼涛"
"布鲁克斯先生","布鲁斯·A·埃文斯"
"转轮手枪","盖·里奇"
"剃刀边缘","布莱恩·德·帕尔玛"
"惊声尖叫","韦斯·克雷文"
"谜中谜","斯坦利·多南"
"足迹","约瑟夫·L·曼凯维奇"
"双瞳","陈国富"
"迈克尔·克莱顿","托尼·吉尔罗伊"
"将军的女儿","西蒙·韦斯特"
"异教徒","尼尔·拉布特"
"热泪伤痕","泰勒·海克福德"
"死亡录像","豪梅·巴拿盖鲁 "
"死亡录像"," 柏高·普拉扎"
"尼罗河上的惨案","安迪·威尔逊"
"无夜不漫长","Tom Shankland"
"玩叛游戏","Marcel Langenegger"
"马耳他之鹰","约翰·休斯顿"
"庇护所","曼斯·马林德 "
"庇护所"," 比约恩·史坦"
"贵妇失踪记","阿尔弗雷德·希区柯克"
"红灯","罗德里格·科特兹"
"无人生还","雷内·克莱尔"
"幽灵船","史蒂芬·贝克"
"不道德的审判","罗曼·波兰斯基"
"高个夜魔","Pascal Laugier"
"泳池情杀案","弗朗索瓦·欧容"
"亚特兰蒂斯之心","斯科特·希克斯"
"灵动：鬼影实录","Oren Peli"
"玩火的女孩","丹尼尔·阿尔弗雷森"
"克洛伊","阿托姆·伊戈扬"
"窃听大阴谋","弗朗西斯·福特·科波拉"
"悬崖上的野餐","彼得·威尔"
"异世浮生","阿德里安·莱恩"
"追凶","彭发"
"隐藏摄像机","迈克尔·哈内克"
"玫瑰之名","让-雅克·阿诺"
"9号谋杀案","Brad Anderson"
"内陆帝国","大卫·林奇"
"天启四骑士","乔纳斯·阿克伦德"
"辣手摧花","阿尔弗雷德·希区柯克"
"附身","文森佐·纳塔利"
"塘鹅暗杀令","艾伦·J·帕库拉"
"死路","让-巴普蒂斯特·安德烈 Jean-Baptiste Andrea "
"死路"," 法布里斯·坎内帕"
"超时空来电","Matthew Parkhill"
"火线特攻","乔恩·阿维奈"
"穿越西伯利亚","布拉德·安德森"
"基地疑云","约翰·麦克蒂尔南"
"非常公寓","吉勒斯·米莫尼"
"一级重罪","卡尔·弗兰克林"
"消失在第七街","布拉德·安德森"
"杀死一只知更鸟","罗伯特·马利根"
"捉贼记","阿尔弗雷德·希区柯克"
"桃色血案","奥托·普雷明格"
"小镇怪客托马斯","斯蒂芬·索莫斯"
"隐秘","朱塞佩·托纳多雷"
"虐童疑云","约翰·帕特里克·尚利"
"煤气灯下","乔治·库克"
"神秘失踪","乔治·斯鲁依泽"
"蛇眼","布莱恩·德·帕尔玛"
"激情","布莱恩·德·帕尔玛"
"乌鸦","亨利-乔治·克鲁佐"
"深闺疑云","阿尔弗雷德·希区柯克"
"雪盲","多米尼克·塞纳"
"死亡派对","解航"
"十个小黑人","斯坦尼斯拉夫·戈沃鲁辛"
"鬼影人","马修·卡索维茨"
"第39号案件","克里斯蒂安·阿瓦特"
"神秘群岛","Craig Rosenberg"
"夺命心跳","张琦"
"追凶","莱恩·约翰逊"
"极度失眠","埃里克·斯柯比约格"
"凶线","布莱恩·德·帕尔玛"
"存身","杰夫·尼克尔斯"
"满洲候选人","乔纳森·戴米"
"艳贼","阿尔弗雷德·希区柯克"
"何处寻真相","阿托姆·伊戈扬"
"房客","David Ondaatje"
"放大","米开朗基罗·安东尼奥尼"
"心智相投","Gregory J. Read"
"黑暗侵袭","尼尔·马歇尔"
"我知道你去年夏天干了什么","Jim Gillespie"
"心战","陈翊恒 "
"心战"," 胡学林 "
"心战"," 刘健平 "
"心战"," 许树宁"
"中毒(美版)","乔尔·贝格沃尔 "
"中毒(美版)"," Simon Sandquist"
"妖夜回廊","李志超"
"诡丝","苏照彬"
"灵异拼图","约瑟夫·鲁本"
"夺面解码","皮托夫"
"12怒汉：大审判","尼基塔·米哈尔科夫"
"变节：潜罪犯","邱礼涛"
"蛛丝马迹","李·塔玛霍瑞"
"惊声尖叫4","韦斯·克雷文"
"笔仙3","安兵基"
"黑巷少女","尼古拉斯·加斯纳"
"双重危机","布鲁斯·贝尔斯福德"
"形影不离","伍仕贤"
"啤酒谋杀案","保罗·安文"
"双峰镇：与火同行","大卫·林奇"
"梦游","彭顺"
"人山人海","蔡尚君"
"小贼、美女和妙探","沙恩·布莱克"
"针孔旅馆","Nimród Antal"
"惊声尖叫2","韦斯·克雷文"
"暗夜恐惧","Blutch "
"暗夜恐惧"," Charles Burns "
"暗夜恐惧"," Marie Caillou "
"暗夜恐惧"," Pierre Di Sciullo "
"暗夜恐惧"," Lorenzo Mattotti "
"暗夜恐惧"," Richard McGuire"
"鬼影","班庄·比辛达拿刚 "
"鬼影"," 柏德潘·王般"
"鬼镜","亚历山大·阿嘉"
"惊魂眼","山姆·雷米"
"隐形人","大卫·S·高耶"
"替身","Michael Brandt"
"圣歌","Eric Valette"
"火线追凶之黑枪疑云","胡明凯 "
"火线追凶之黑枪疑云"," 邓衍成"
"继父","尼尔森·麦科米克"
"笔仙","安兵基"
"蝶变","徐克"
"不良教育","佩德罗·阿莫多瓦"
"怪房客","罗曼·波兰斯基"
"桃色追捕令","加里·弗莱德"
"凶手就在门外","乔恩·阿米尔"
"无底洞","江涛"
"暗夜列车","Brian King"
"怪尸案","阿尔弗雷德·希区柯克"
"惊声尖叫3","韦斯·克雷文"
"阳光下的罪恶","Brian Farnham"
"特别响，非常近","史蒂芬·戴德利"
"上海小姐","奥逊·威尔斯"
"证据","奥拉顿德·奥逊山米"
"魔法奇幻秀","特瑞·吉列姆"
"撒旦探戈","贝拉·塔尔"
"监视","詹妮弗·林奇"
"回归","佩德罗·阿莫多瓦"
"九度空间","约翰·奥古斯特"
"诡爱","梁婷"
"危险辩护","约翰·克劳利"
"东方的承诺","大卫·柯南伯格"
"洞","Nick Hamm"
"夜长梦多","霍华德·霍克斯"
"危机四伏","罗伯特·泽米吉斯"
"决斗","史蒂文·斯皮尔伯格"
"我知道谁杀了我","Chris Sivertson"
"查无此人","朱敏江"
"死亡计中计","西德尼·吕美特"
"丑恶","阿努拉格·卡施亚普"
"鲸鱼马戏团","贝拉·塔尔 "
"鲸鱼马戏团"," Ágnes Hranitzky"
"金田一少年事件簿：吸血鬼传说杀人事件","池田健司"
"血迷宫：1974","朱里安·杰拉德"
"好莱坞庄园","Allen Coulter"
"八墓村","星护"
"无知无觉","胡安·卡洛斯·梅迪纳"
"牧人的性玩偶","迈克尔·斯特内"
"黑死病","克里斯托弗·史密斯"
"秘术","吴兵"
"毛骨悚然","Jeff Crook "
"毛骨悚然"," Josh Crook"
"处女之死","索菲亚·科波拉"
"金田一少年事件簿之上海人鱼传说","堤幸彦"
"妙探寻凶","乔纳森·林恩"
"双重时间","Giuseppe Capotondi"
"替身","古泽健"
"满洲候选人","约翰·弗兰克海默"
"罗丝玛丽的婴儿","罗曼·波兰斯基"
"人皮客栈","伊莱·罗斯"
"惊心动魄","邱礼涛"
"独行杀手","让-皮埃尔·梅尔维尔"
"谍海风云","米凯尔·哈弗斯特罗姆"
"ABC谋杀案","安德鲁·格里夫"
"魔鬼雷普利","莉莉安娜·卡瓦尼"
"孽迷宫","耶利米·S·谢奇克"
"第十三个故事","James Kent"
"骗局","杰克·哥德博尔格"
"炎热的夜晚","诺曼·杰威森"
"三十九级台阶","唐·夏普"
"血腥拼图","克林特·伊斯特伍德"
"水中女妖","M·奈特·沙马兰"
"血迷宫：1983","安南德·图克尔"
"怪兽屋","吉尔·克兰"
"天使之心","艾伦·帕克"
"玩尽杀绝4:四人组","Andy Hurst"
"犬神家族","市川昆"
"曼哈顿谋杀疑案","伍迪·艾伦"
"趣味游戏","迈克尔·哈内克"
"潜伏2","温子仁"
"驱魔人","威廉·弗莱德金"
"死神的十字路口","班庄·比辛达拿刚 "
"死神的十字路口"," 柏德潘·王般 "
"死神的十字路口"," Youngyooth Thongkonthun "
"死神的十字路口"," Paween Purikitpanya"
"隔山有眼","亚历山大·阿嘉"
"活死人黎明","扎克·施奈德"
"妈妈","安德斯·穆斯切蒂"
"堕入地狱","山姆·雷米"
"詹妮弗的肉体","卡瑞恩·库萨马"
"黑暗侵袭2","约翰·哈里斯"
"厉鬼将映","Sopon Sukdapisit"
"恶魔的艺术2：邪降","Pasith Buranajan "
"恶魔的艺术2：邪降"," Kongkiat Khomsiri "
"恶魔的艺术2：邪降"," Isara Nadee "
"恶魔的艺术2：邪降"," Seree Phongnithi "
"恶魔的艺术2：邪降"," Yosapong Polsap "
"恶魔的艺术2：邪降"," Putipong Saisikaew "
"恶魔的艺术2：邪降"," Art Thamthrakul"
"魔女嘉莉","金伯莉·皮尔斯"
"惊变28周","胡安·卡洛斯·弗雷斯纳迪罗"
"见鬼","彭发 "
"见鬼"," 彭顺"
"鬼乱5","班庄·比辛达拿刚 "
"鬼乱5"," Songyos Sugmakanan "
"鬼乱5"," Paween Purikitpanya "
"鬼乱5"," 柏德潘·王般"
"Office有鬼","麦子善 "
"Office有鬼"," 刘宝贤 "
"Office有鬼"," 不是女人(王晶)"
"猛鬼街","韦斯·克雷文"
"太平间闹鬼事件","Peter Cornwell"
"食人鱼3D","亚历山大·阿嘉"
"群尸玩过界","彼得·杰克逊"
"险恶","斯科特·德瑞克森"
"李碧华鬼魅系列：奇幻夜","陈嘉上 "
"李碧华鬼魅系列：奇幻夜"," 刘国昌 "
"李碧华鬼魅系列：奇幻夜"," 泰迪·罗宾"
"三更","金知云 "
"三更"," 朗斯·尼美毕达 "
"三更"," 陈可辛"
"鬼宿舍","Songyos Sugmakanan"
"女巫布莱尔","丹尼尔·麦里克 "
"女巫布莱尔"," 艾德亚多·桑奇兹"
"魔女嘉莉","布莱恩·德·帕尔玛"
"李碧华鬼魅系列：迷离夜","任达华 "
"李碧华鬼魅系列：迷离夜"," 李志毅 "
"李碧华鬼魅系列：迷离夜"," 陈果"
"杀出个黎明","罗伯特·罗德里格兹"
"死亡录像2","豪梅·巴拿盖鲁 "
"死亡录像2"," Paco Plaza"
"阴齿","米切尔·利希藤斯坦"
"恐怖废墟","卡特·史密斯"
"见鬼十法","彭发 "
"见鬼十法"," 彭顺"
"藏品","马库斯·邓斯坦"
"黑衣女人","詹姆斯·瓦特金斯"
"鬼遮眼","迈克·弗拉纳根"
"第一诫","唐永健"
"死亡录像3：创世纪","Paco Plaza"
"驱魔","Scott Derrickson"
"古宅心慌慌","郑保瑞"
"活死人之地","乔治·A·罗梅罗"
"吓死鬼","Monthon Arayangkoon"
"致命弯道2","Joe Lynch"
"鬼哭神嚎","Andrew Douglas"
"连体阴","班庄·比辛达拿刚 "
"连体阴"," 柏德潘·王般"
"新猛鬼街","塞缪尔·贝尔"
"鬼域","彭顺 "
"鬼域"," 彭发"
"盂兰神功","张家辉"
"古镜怪谈","阿甘 "
"古镜怪谈"," 萧荣"
"德州电锯杀人狂","托比·霍珀"
"地下墓穴","约翰·埃里克·道达尔"
"德州电锯杀人狂3D","约翰·卢森霍普"
"鬼娃回魂","汤姆·霍兰德"
"着魔","安德烈·祖拉斯基"
"新丧尸出笼","史蒂夫·迈纳"
"死魂盒","奥勒·博内代尔"
"致命弯道3","Declan O'Brien"
"刑房","罗伯特·罗德里格兹 "
"刑房"," 伊莱·罗斯 "
"刑房"," 昆汀·塔伦蒂诺 "
"刑房"," 埃德加·赖特 "
"刑房"," 罗布·赞比"
"三更2","三池崇史 "
"三更2"," 陈果 "
"三更2"," 朴赞郁"
"茱莉娅的眼睛","吉列尔莫·莫拉莱斯"
"咒怨2(美版)","清水崇"
"三十极夜","大卫·斯雷德"
"灵动：鬼影实录2","托德·威廉姆斯"
"切尔诺贝利日记","布莱德利·帕克"
"杀出狂人镇","Breck Eisner"
"鬼玩人","山姆·雷米"
"你是下一个","亚当·温加德"
"墓地邂逅","The Vicious Brothers"
"阴风阵阵","达里奥·阿基多"
"鬼三惊","Isara Nadee "
"鬼三惊"," 卡洛堤·奈金塔隆 "
"鬼三惊"," 皮查农·塔玛杰拉"
"救命","罗志良"
"咒怨(美版)","清水崇"
"午夜凶铃(美版)","戈尔·维宾斯基"
"鬼书","詹妮弗·肯特"
"黑楼孤魂","梁明 "
"黑楼孤魂"," 穆德远"
"佛莱迪大战杰森","于仁泰"
"怪物","郑保瑞"
"恶魔的艺术","Tanit Jitnukul"
"怪谈协会","马伟豪 "
"怪谈协会"," 钱文琦 "
"怪谈协会"," 叶伟民"
"灵动：鬼影实录3","Henry Joost "
"灵动：鬼影实录3"," Ariel Schulman"
"阴阳路","郑伟文 "
"阴阳路"," 谭郎昌 "
"阴阳路"," 邱礼涛"
"殉难者","Pascal Laugier"
"鬼娃新娘","于仁泰"
"食人鱼3DD","约翰·古拉格"
"魔窟","布鲁斯·亨特 Bruce Hunt"
"恶魔的艺术3：鬼影随行","Pasith Buranajan "
"恶魔的艺术3：鬼影随行"," Kongkiat Khomsiri "
"恶魔的艺术3：鬼影随行"," Isara Nadee "
"恶魔的艺术3：鬼影随行"," Seree Phongnithi "
"恶魔的艺术3：鬼影随行"," Yosapong Polsap "
"恶魔的艺术3：鬼影随行"," Putipong Saisikaew "
"恶魔的艺术3：鬼影随行"," Art Thamthrakul"
"校墓处","钱文锜"
"我唾弃你的坟墓2","史蒂文·R·蒙若尔"
"怪谈新耳袋 电影版","吉田秋 "
"怪谈新耳袋 电影版"," 雨宫庆太 "
"怪谈新耳袋 电影版"," 平野俊一 "
"怪谈新耳袋 电影版"," 佐佐木浩久 "
"怪谈新耳袋 电影版"," 豊島圭介 "
"怪谈新耳袋 电影版"," 铃木浩介 "
"怪谈新耳袋 电影版"," 井口升 "
"怪谈新耳袋 电影版"," 三宅隆太"
"无人生还","北村龙平"
"致命录像带","格勒恩·马奎德 "
"致命录像带"," 大卫·布鲁克纳 "
"致命录像带"," Radio Silence "
"致命录像带"," 乔·斯万博格 "
"致命录像带"," 缇·威斯特 "
"致命录像带"," 亚当·温加德"
"月光光心慌慌","约翰·卡朋特"
"心中有鬼","滕华涛"
"黑色星期五","马库斯·尼斯佩尔"
"灵异咒","白石晃士"
"惊心食人族","维克多·萨尔瓦"
"刺","托比·维尔金森"
"来电惊魂","Simon West"
"鬼影","落合正幸"
"趣味游戏美国版","迈克尔·哈内克"
"恐怖热线之大头怪婴","郑保瑞"
"畸形人","托德·布朗宁"
"活跳尸","斯图尔特·戈登"
"山村老尸II色之恶鬼","蓝志伟"
"恐怖幽灵","彼得·杰克逊"
"预言","鹤田法男 (Norio Tsuruta)"
"鬼镜2","Víctor García"
"鬼玩人2","山姆·雷米"
"婴尸","普安农"
"身在其中","亚历山大·布斯蒂罗 "
"身在其中"," 朱利安·莫利"
"黑暗楼层","Pete Riski"
"异度见鬼","达维德·莫罗 "
"异度见鬼"," Xavier Palud"
"生存游戏","William Brent Bell"
"见鬼2","彭发 "
"见鬼2"," 彭顺"
"驱魔警探","斯科特·德瑞克森"
"圣血","亚历桑德罗·佐杜洛夫斯基"
"五月魔女","路克·马克"
"咒乐园","刘伟强"
"凶兆","理查德·唐纳"
"怨鬼之家","Sopon Sukdapisit"
"仪式","米凯尔·哈弗斯特罗姆"
"最后一次驱魔","Daniel Stamm"
"病院惊魂","约翰·卡朋特"
"棺木","Ekachai Uekrongtham"
"婴灵恶泣","大卫·S·高耶"
"战栗黑洞","约翰·卡朋特"
"东瀛鬼咒","中村义洋 "
"东瀛鬼咒"," 落合正幸 "
"东瀛鬼咒"," 清水崇 "
"东瀛鬼咒"," 白石晃士 "
"东瀛鬼咒"," 鹤田法男"
"幽灵人间","许鞍华"
"鬼娃回魂2","John Lafia"
"宠物公墓","玛莉 兰伯特 (Mary Lambert)"
"七月十四","钱升玮"
"荒村客栈","张菁"
"13骇人游戏","Daniel Stamm"
"凶榜","余允抗"
"灵动：鬼影实录4","Henry Joost "
"灵动：鬼影实录4"," Ariel Schulman"
"异形魔怪","罗恩·安德伍德"
"阴阳路2：我在你左右","邱礼涛"
"致命录像带2","西蒙·巴雷特 "
"致命录像带2"," 杰森·埃森纳 "
"致命录像带2"," 加雷斯·埃文斯 "
"致命录像带2"," Gregg Hale "
"致命录像带2"," 艾德亚多·桑奇兹 "
"致命录像带2"," 提莫·塔哈亚托 "
"致命录像带2"," 亚当·温加德"
"猛鬼屋","William Malone"
"诺斯费拉图","F·W·茂瑙"
"地铁惊魂","克里斯托弗·史密斯"
"鬼童院","吉尔莫·德尔·托罗"
"鬼来电","Eric Valette"
"恐怖爆发","园子温"
"活死人之夜","乔治·A·罗梅罗"
"太平间闹鬼事件2：佐治亚鬼屋事件","汤姆·艾尔金斯"
"神秘感染","Eric England"
"错爱","彭发"
"天黑请闭眼","阿甘"
"兽餐","约翰·古拉格"
"隔离区","John Erick Dowdle"
"裂口女","白石晃士"
"丛林噩梦","约翰·斯托克韦尔"
"僵尸脱衣舞娘","Jay Lee"
"卡里加里博士的小屋","罗伯特·威恩"
"活死人黎明","乔治·A·罗梅罗"
"13号星期五","肖恩·S·坎宁安"
"午夜凶铃：凶铃再现","饭田让治"
"雪山惊魂","Roar Uthaug"
"稀人","清水崇"
"恐怖蜡像馆","安德尔·迪·托斯"
"狼溪","Greg McLean"
"脆弱","豪梅·巴拿盖鲁"
"鬼使神差","彭顺 "
"鬼使神差"," 彭发"
"杰莎贝尔","凯文·格劳特"
"疯羊","Jonathan King"
"猛鬼街3","查克·拉塞尔"
"惊心食人族2","Victor Salva"
"驱魔人前传","雷尼·哈林"
"鬼玩人3：魔界英豪","山姆·雷米"
"折磨","德里克·李 "
"折磨"," 克里夫·普洛斯"
"亡灵","D·凯瑞·普瑞尔"
"阴阳路3：升棺发财","邱礼涛"
"小丑回魂","Tommy Lee Wallace"
"人肉米粉","提瓦·马泰松"
"最后约翰死了","丹·卡斯卡拉里"
"咒怨3(美版)","托比·维尔金森"
"我仍然知道你去年夏天干了什么","Danny Cannon"
"格蕾丝","Paul Solet"
"僵尸叔叔","刘观伟"
"阿娘","安相勋"
"死亡之雪2","托米·维尔科拉"
"鬼女魔咒","雨宫庆太 "
"鬼女魔咒"," 铃木卓尔 "
"鬼女魔咒"," 丰岛圭介"
"鬼作秀","乔治·A·罗梅罗"
"猛鬼街2","Jack Sholder"
"驱魔警察","董玮"
"恐怖鸡","曾谨昌"
"街尾之宅","Mark Tonderai"
"新天师斗僵尸","克雷格·吉勒斯佩"
"降头","邱礼涛"
"猛鬼大厦","刘镇伟"
"魔诫坟场","米歇尔·索伊"
"407航班","Isara Nadee"
"鬼娃孽种","唐·曼西尼"
"下一个就是你","杰米 布兰克斯 (Jamie Blanks)"
"外壳","Brett Simmons"
"真心话大冒险","Robert Heath"
"弗兰肯斯坦的军队","Richard Raaphorst"
"死亡日记","乔治·A·罗梅罗"
"神秘洞穴","Joe Dante"
"丧尸出笼","乔治·A·罗梅罗"
"变鬼","由拉特·史帕克"
"鬼水怪谈","沃尔特·塞勒斯"
"夜深血红","达里奥·阿基多"
"姐妹联谊会惊魂","斯特瓦特·亨德尔"
"夺命之爱","肖恩·伯恩"
"凶间疑影","Pakpoom Wongjinda"
"恶灵空间","Stephen T. Kay"
"死亡占卜","斯蒂尔斯·怀特"
"黑夜勿怕","Troy Nixey"
"怪谈新耳袋：幽灵公寓","吉田秋生"
"邪","桂治洪"
"边域之城","泽维尔·吉恩斯"
"阴阳路5：一见发财","邱礼涛"
"一百英尺","埃里克·雷德"
"诚聘保姆","Jonas Barnes "
"诚聘保姆"," Michael Manasseri"
"离奇剧院","Douglas Buck "
"离奇剧院"," Buddy Giovinazzo"
"夺命金字塔","格莱高利·莱瓦瑟"
"鬼娃的诅咒","唐·曼西尼"
"困惑的浪漫2","尤戈·布特格雷特"
"逃亡鳄鱼岛","Greg Mclean"
"恐惧幻影","Eric England"
"僵尸家族","刘观伟"
"谁能杀死孩子","Narciso Ibáñez Serrador"
"9路冥婚","Rapeepimol Chaisaena"
"新僵尸先生","刘观伟"
"四人餐桌","李受妍"
"鬼三惊2","Isara Nadee "
"鬼三惊2"," Kirati Nakintanon "
"鬼三惊2"," Putipong Saisikaew"
"异教徒","Robin Hardy"
"闪灵战士","尼尔·马歇尔"
"午夜凶铃2(美版)","中田秀夫"
"漩涡","Higuchinsky"
"恐怖极限游戏","大卫·盖伊·利维"
"夺命回声","Yam Laranas"
"鬼作秀2","Michael Gornick"
"卡到阴","Patchanon Thammajira"
"凶兆","John Moore"
"心中的恶魔","William Brent Bell"
"变鬼3.1","由拉特·史帕克"
"墓地邂逅2","John Poliquin"
"死色","亚历山大·布斯蒂罗 "
"死色"," 朱利安·莫利"
"录影带谋杀案","大卫·柯南伯格"
"威尼斯疑魂","尼古拉斯·罗伊格"
"尸城","钱人豪"
"送死","Eakasit Thairatana"
"生化寿尸","叶伟信"
"猛鬼街4：梦幻主宰","雷尼·哈林"
"鬼娃回魂3","杰克·本德"
"灵幻先生","刘观伟"
"恐怖兔子","清水崇"
"异常","白石晃士"
"无辜的人","杰克·克莱顿"
"养鬼吃人2","Tony Randel"
"隔离区2：终点站","John Pogue"
"杀人狂魔","弗兰克·卡方"
"死亡航班","Scott Thomas"
"办砸了","Kit Ryan"
"活死人归来3","布莱恩·尤兹纳"
"猛鬼街5：猛鬼怪胎","斯蒂芬·霍普金斯"
"异度幻觉","王晶 "
"异度幻觉"," 叶念琛"
"幽灵人间II:鬼味人间","邝文伟 (Abe Kwong)"
"甜美爱丽丝","Alfred Sole"
"恐怖列车","Gideon Raff"
"疑神疑鬼","邱礼涛"
"午夜43路","杜玉贞"
"惹鬼回路","Jim Sonzero"
"雪山惊魂2","Mats Stenberg"
"鬼雾","鲁伯特·温莱特"
"猛鬼街 7","韦斯·克雷文"
"森冤","彭发"
"死亡约定","Nicholas McCarthy"
"刑柱之地","Jim Mickle"
"死灵之书","布莱恩·尤兹纳 "
"死灵之书"," 克里斯多夫·甘斯 "
"死灵之书"," 金子修介"
"X圣治","黑泽清"
"幽长周末","塔韦华·温泰"
"日本恐怖童话六部曲 拇指姑娘","吉田秋生"
"草野中的黑猫","新藤兼人"
"再世追魂","梁小熊"
"死不瞑目","Jason Todd Ipson"
"山村老尸 3 恶灵缠身","洪中侠"
"致命报应","Stephen Hopkins"
"回转寿尸","叶伟信"
"血色玫瑰","克雷格 R. 巴克斯利 (Craig R. Baxley)"
"断头气","克里斯托弗·史密斯"
"原始恐惧","Josh Reed"
"尸体解剖","Adam Gierasch"
"终极人鱼岛","塞巴斯蒂安·高蒂维斯"
"猛鬼街6","Rachel Talalay"
"美国玛丽","Jen Soska "
"美国玛丽"," Sylvia Soska"
"黑百合公寓","中田秀夫"
"瘦到死","汤姆 霍兰 (Tom Holland)"
"富江 冤有头","光石富士朗"
"幻影","托德·林肯"
"鬼妻","朗斯·尼美毕达"
"惹鬼回路","黑泽清"
"不安的种子","長江俊和"
"尸骨无存2","Ti West"
"伊恩·斯通之死","Dario Piana"
"灵婴","大卫·柯南伯格"
"魔屋","韦斯·克雷文"
"鬼入侵","扬·德·邦特"
"死人岛","乔治·A·罗梅罗"
"僵尸胡安","亚历桑德罗·布鲁格斯"
"香颂鬼屋","Monthon Arayangkoon"
"炭烧凶咒","邓衍成"
"最后一次驱魔2","Ed Gass-Donnelly"
"运河迷踪","Ivan Kavanagh"
"富江","及川中"
"闪灵","米克·加里斯"
"陌生人","布莱恩·伯蒂诺"
"1303大厦","及川中"
"约书亚","乔治·拉提夫"
"铁男1：金属兽","塚本晋也"
"端岛计划","皮亚潘·秋贝绮"
"橡皮头","大卫·林奇"
"醒木","David Keating"
"遗失物","古泽健"
"这个高中没有鬼","普安农"
"恐怖母亲节","达伦·林恩·鲍斯曼"
"鬼讯号","杰弗里·萨克斯"
"11-11-11","达伦·林恩·鲍斯曼"
"我们是夜晚","丹尼斯·甘塞尔"
"女人","路克·马克"
"人类清除计划2：无政府状态","詹姆斯·德莫纳克"
"猛鬼学堂","刘镇伟"
"魔胎","刘鸿泉"
"魔鬼游乐场","Mark McQueen"
"隧道","Carlo Ledesma"
"恐怖海湾","巴瑞·莱文森"
"死魂曲","堤幸彦"
"驱魔道长","午马"
"绝命休息站","John Shiban"
"地狱无门","徐克"
"热血青年","郑保瑞"
"群斗","Yannick Dahan "
"群斗"," Benjamin Rocher"
"惨死","普安农   Poj Arnon"
"富江之恶魔再生","及川中"
"恶灵入侵","胡安·卡洛斯·弗雷斯纳迪罗"
"画皮","鲍方"
"异魔禁区","斯图尔特·戈登"
"活死人归来","丹·欧班农"
"逃离魔窟","山口洋辉"
"灵气逼人","于仁泰"
"我一直知道你去年夏天干了什么","Sylvain White"
"恶魔在身后","吴基焕"
"恐怖杀人医院","Tony Krantz"
"重创","Michael S. Ojeda"
"黑衣女人2：死亡天使","汤姆·哈伯"
"澎堤池","布鲁斯·麦克唐纳德"
"成长教育","罗勒·莎菲"
"小情人","Vitcha Gojiew "
"小情人"," 颂裕·素玛戈南 "
"小情人"," 尼提瓦·塔拉吞 "
"小情人"," 维达也·汤于容 "
"小情人"," 埃迪森·特斯利卡森 "
"小情人"," Komgrit Triwimol"
"亲爱的伽利略","尼提瓦·塔拉吞"
"80'后","李芳芳"
"生命之树","泰伦斯·马力克"
"守护者联盟","彼得·拉姆齐"
"鱼缸","安德里亚·阿诺德"
"牛仔裤的夏天2","萨娜·汉姆利"
"仙境之桥","嘉柏·丘波"
"吐司","S.J.克拉克森"
"不再沉默","杰西卡·沙泽尔"
"冬天的骨头","黛布拉·格兰尼克"
"十月的天空","乔·庄斯顿"
"南国野兽","贝赫·泽特林"
"摩托日记","沃尔特·塞勒斯"
"单车少年","让-皮埃尔·达内 "
"单车少年"," 吕克·达内"
"珍爱","李·丹尼尔斯"
"听见天堂","克里斯提诺·波顿"
"青春梦工场","彭浩翔"
"夏日之王","乔丹·沃格特-罗伯茨"
"总有骄阳","莱塞·霍尔斯道姆"
"边缘日记","斯科特·卡尔维特"
"在路上","沃尔特·塞勒斯"
"几近成名","卡梅伦·克罗"
"教室别恋","波·维德伯格"
"狗脸的岁月","莱塞·霍尔斯道姆"
"鬼妈妈","亨利·塞利克"
"污泥","杰夫·尼克尔斯"
"纳尼亚传奇3：黎明踏浪号","迈克尔·艾普特"
"希特勒的男孩","丹尼斯·甘塞尔"
"二手狮王","Tim McCanlies"
"此间的少年","胤祥"
"男孩和世界","Alê Abreu"
"早餐俱乐部","约翰·休斯"
"更好的世界","苏珊娜·比尔"
"潜水艇","理查德·艾欧阿德"
"我的父亲，我的儿子","查恩·厄尔马克"
"灵魂冲浪人","肖恩·麦克纳马拉"
"迫降航班","罗伯特·泽米吉斯"
"活在当下","欧·帕克"
"春天不是读书天","约翰·休斯"
"X计划","尼玛·诺里扎德"
"冬冬的假期","侯孝贤"
"太阳帝国","史蒂文·斯皮尔伯格"
"鳄鱼波鞋走天涯","彼得·霍顿"
"别惹蚂蚁","约翰 A·戴维斯"
"季节变幻","尼提瓦·塔拉吞"
"艾玛好色","杨尼克·西斯泰德·雅各布森"
"自闭历程","米克·杰克逊"
"小马王","凯利·阿斯博瑞 "
"小马王"," Lorna Cook"
"我是","多罗塔·肯杰尔扎沃斯卡"
"野兽家园","斯派克·琼斯"
"纳尼亚传奇1：狮子、女巫和魔衣橱","安德鲁·亚当森"
"裂缝","乔丹·斯科特"
"海瑟","斯邦瑟·舒瑟"
"阿基拉和拼字大赛","Doug Atchison"
"长大","潘妮·马歇尔"
"男孩","米莎·坎普"
"天堂的颜色","马基德·马基迪"
"丁丁历险记","史蒂文·斯皮尔伯格"
"玩具总动员2","约翰·拉塞特"
"迷途知返","奈特·法松 "
"迷途知返"," 吉姆·拉什"
"歌舞青春2","肯尼·奥特加"
"秘密花园","Agnieszka Holland"
"幽灵世界","泰利·茨威戈夫"
"吮拇指的人","迈克·米尔斯"
"歌舞青春3：毕业季","肯尼·奥特加"
"大河恋","罗伯特·雷德福"
"青春年少","韦斯·安德森"
